game_id,game_day,game_time,away_team,away_score,home_team,home_score
2017_01_KC_NE,9/7/2017,20:30,KC,42,NE,27
2017_01_NYJ_BUF,9/10/2017,13:00,NYJ,12,BUF,21
2017_01_ATL_CHI,9/10/2017,13:00,ATL,23,CHI,17
2017_01_BAL_CIN,9/10/2017,13:00,BAL,20,CIN,0
2017_01_PIT_CLE,9/10/2017,13:00,PIT,21,CLE,18
2017_01_ARI_DET,9/10/2017,13:00,ARI,23,DET,35
2017_01_JAX_HOU,9/10/2017,13:00,JAX,29,HOU,7
2017_01_OAK_TEN,9/10/2017,13:00,OAK,26,TEN,16
2017_01_PHI_WAS,9/10/2017,13:00,PHI,30,WAS,17
2017_01_IND_LA,9/10/2017,16:05,IND,9,LA,46
2017_01_SEA_GB,9/10/2017,16:25,SEA,9,GB,17
2017_01_CAR_SF,9/10/2017,16:25,CAR,23,SF,3
2017_01_NYG_DAL,9/10/2017,20:30,NYG,3,DAL,19
2017_01_NO_MIN,9/11/2017,19:10,NO,19,MIN,29
2017_01_LAC_DEN,9/11/2017,22:20,LAC,21,DEN,24
2017_02_HOU_CIN,9/14/2017,20:25,HOU,13,CIN,9
2017_02_CLE_BAL,9/17/2017,13:00,CLE,10,BAL,24
2017_02_BUF_CAR,9/17/2017,13:00,BUF,3,CAR,9
2017_02_ARI_IND,9/17/2017,13:00,ARI,16,IND,13
2017_02_TEN_JAX,9/17/2017,13:00,TEN,37,JAX,16
2017_02_PHI_KC,9/17/2017,13:00,PHI,20,KC,27
2017_02_NE_NO,9/17/2017,13:00,NE,36,NO,20
2017_02_MIN_PIT,9/17/2017,13:00,MIN,9,PIT,26
2017_02_CHI_TB,9/17/2017,13:00,CHI,7,TB,29
2017_02_MIA_LAC,9/17/2017,16:05,MIA,19,LAC,17
2017_02_NYJ_OAK,9/17/2017,16:05,NYJ,20,OAK,45
2017_02_DAL_DEN,9/17/2017,16:25,DAL,17,DEN,42
2017_02_WAS_LA,9/17/2017,16:25,WAS,27,LA,20
2017_02_SF_SEA,9/17/2017,16:25,SF,9,SEA,12
2017_02_GB_ATL,9/17/2017,20:30,GB,23,ATL,34
2017_02_DET_NYG,9/18/2017,20:30,DET,24,NYG,10
2017_03_LA_SF,9/21/2017,20:25,LA,41,SF,39
2017_03_DEN_BUF,9/24/2017,13:00,DEN,16,BUF,26
2017_03_NO_CAR,9/24/2017,13:00,NO,34,CAR,13
2017_03_PIT_CHI,9/24/2017,13:00,PIT,17,CHI,23
2017_03_ATL_DET,9/24/2017,13:00,ATL,30,DET,26
2017_03_CLE_IND,9/24/2017,13:00,CLE,28,IND,31
2017_03_TB_MIN,9/24/2017,13:00,TB,17,MIN,34
2017_03_HOU_NE,9/24/2017,13:00,HOU,33,NE,36
2017_03_MIA_NYJ,9/24/2017,13:00,MIA,6,NYJ,20
2017_03_NYG_PHI,9/24/2017,13:00,NYG,24,PHI,27
2017_03_SEA_TEN,9/24/2017,16:05,SEA,27,TEN,33
2017_03_CIN_GB,9/24/2017,16:25,CIN,24,GB,27
2017_03_KC_LAC,9/24/2017,16:25,KC,24,LAC,10
2017_03_OAK_WAS,9/24/2017,20:30,OAK,10,WAS,27
2017_03_BAL_JAX,9/24/2017,21:30,BAL,7,JAX,44
2017_03_DAL_ARI,9/25/2017,20:30,DAL,28,ARI,17
2017_04_CHI_GB,9/28/2017,20:25,CHI,14,GB,35
2017_04_BUF_ATL,10/1/2017,13:00,BUF,23,ATL,17
2017_04_PIT_BAL,10/1/2017,13:00,PIT,26,BAL,9
2017_04_CIN_CLE,10/1/2017,13:00,CIN,31,CLE,7
2017_04_LA_DAL,10/1/2017,13:00,LA,35,DAL,30
2017_04_TEN_HOU,10/1/2017,13:00,TEN,14,HOU,57
2017_04_DET_MIN,10/1/2017,13:00,DET,14,MIN,7
2017_04_CAR_NE,10/1/2017,13:00,CAR,33,NE,30
2017_04_JAX_NYJ,10/1/2017,13:00,JAX,20,NYJ,23
2017_04_SF_ARI,10/1/2017,16:05,SF,15,ARI,18
2017_04_PHI_LAC,10/1/2017,16:05,PHI,26,LAC,24
2017_04_NYG_TB,10/1/2017,16:05,NYG,23,TB,25
2017_04_OAK_DEN,10/1/2017,16:25,OAK,10,DEN,16
2017_04_IND_SEA,10/1/2017,20:30,IND,18,SEA,46
2017_04_NO_MIA,10/1/2017,21:30,NO,20,MIA,0
2017_04_WAS_KC,10/2/2017,20:30,WAS,20,KC,29
2017_05_NE_TB,10/5/2017,20:25,NE,19,TB,14
2017_05_BUF_CIN,10/8/2017,13:00,BUF,16,CIN,20
2017_05_NYJ_CLE,10/8/2017,13:00,NYJ,17,CLE,14
2017_05_CAR_DET,10/8/2017,13:00,CAR,27,DET,24
2017_05_SF_IND,10/8/2017,13:00,SF,23,IND,26
2017_05_TEN_MIA,10/8/2017,13:00,TEN,10,MIA,16
2017_05_LAC_NYG,10/8/2017,13:00,LAC,27,NYG,22
2017_05_ARI_PHI,10/8/2017,13:00,ARI,7,PHI,34
2017_05_JAX_PIT,10/8/2017,13:00,JAX,30,PIT,9
2017_05_SEA_LA,10/8/2017,16:05,SEA,16,LA,10
2017_05_BAL_OAK,10/8/2017,16:05,BAL,30,OAK,17
2017_05_GB_DAL,10/8/2017,16:25,GB,35,DAL,31
2017_05_KC_HOU,10/8/2017,20:30,KC,42,HOU,34
2017_05_MIN_CHI,10/9/2017,20:30,MIN,20,CHI,17
2017_06_PHI_CAR,10/12/2017,20:25,PHI,28,CAR,23
2017_06_MIA_ATL,10/15/2017,13:00,MIA,20,ATL,17
2017_06_CHI_BAL,10/15/2017,13:00,CHI,27,BAL,24
2017_06_CLE_HOU,10/15/2017,13:00,CLE,17,HOU,33
2017_06_GB_MIN,10/15/2017,13:00,GB,10,MIN,23
2017_06_DET_NO,10/15/2017,13:00,DET,38,NO,52
2017_06_NE_NYJ,10/15/2017,13:00,NE,24,NYJ,17
2017_06_SF_WAS,10/15/2017,13:00,SF,24,WAS,26
2017_06_TB_ARI,10/15/2017,16:05,TB,33,ARI,38
2017_06_LA_JAX,10/15/2017,16:05,LA,27,JAX,17
2017_06_PIT_KC,10/15/2017,16:25,PIT,19,KC,13
2017_06_LAC_OAK,10/15/2017,16:25,LAC,17,OAK,16
2017_06_NYG_DEN,10/15/2017,20:30,NYG,23,DEN,10
2017_06_IND_TEN,10/16/2017,20:30,IND,22,TEN,36
2017_07_KC_OAK,10/19/2017,20:25,KC,30,OAK,31
2017_07_TB_BUF,10/22/2017,13:00,TB,27,BUF,30
2017_07_CAR_CHI,10/22/2017,13:00,CAR,3,CHI,17
2017_07_TEN_CLE,10/22/2017,13:00,TEN,12,CLE,9
2017_07_NO_GB,10/22/2017,13:00,NO,26,GB,17
2017_07_JAX_IND,10/22/2017,13:00,JAX,27,IND,0
2017_07_ARI_LA,10/22/2017,13:00,ARI,0,LA,33
2017_07_NYJ_MIA,10/22/2017,13:00,NYJ,28,MIA,31
2017_07_BAL_MIN,10/22/2017,13:00,BAL,16,MIN,24
2017_07_DAL_SF,10/22/2017,16:05,DAL,40,SF,10
2017_07_DEN_LAC,10/22/2017,16:25,DEN,0,LAC,21
2017_07_SEA_NYG,10/22/2017,16:25,SEA,24,NYG,7
2017_07_CIN_PIT,10/22/2017,16:25,CIN,14,PIT,29
2017_07_ATL_NE,10/22/2017,20:30,ATL,7,NE,23
2017_07_WAS_PHI,10/23/2017,20:30,WAS,24,PHI,34
2017_08_MIA_BAL,10/26/2017,20:25,MIA,0,BAL,40
2017_08_OAK_BUF,10/29/2017,13:00,OAK,14,BUF,34
2017_08_IND_CIN,10/29/2017,13:00,IND,23,CIN,24
2017_08_LAC_NE,10/29/2017,13:00,LAC,13,NE,21
2017_08_CHI_NO,10/29/2017,13:00,CHI,12,NO,20
2017_08_ATL_NYJ,10/29/2017,13:00,ATL,25,NYJ,20
2017_08_SF_PHI,10/29/2017,13:00,SF,10,PHI,33
2017_08_CAR_TB,10/29/2017,13:00,CAR,17,TB,3
2017_08_HOU_SEA,10/29/2017,16:05,HOU,38,SEA,41
2017_08_DAL_WAS,10/29/2017,16:25,DAL,33,WAS,19
2017_08_PIT_DET,10/29/2017,20:30,PIT,20,DET,15
2017_08_MIN_CLE,10/29/2017,21:30,MIN,33,CLE,16
2017_08_DEN_KC,10/30/2017,20:30,DEN,19,KC,29
2017_09_BUF_NYJ,11/2/2017,20:25,BUF,21,NYJ,34
2017_09_ATL_CAR,11/5/2017,13:00,ATL,17,CAR,20
2017_09_IND_HOU,11/5/2017,13:00,IND,20,HOU,14
2017_09_CIN_JAX,11/5/2017,13:00,CIN,7,JAX,23
2017_09_TB_NO,11/5/2017,13:00,TB,10,NO,30
2017_09_LA_NYG,11/5/2017,13:00,LA,51,NYG,17
2017_09_DEN_PHI,11/5/2017,13:00,DEN,23,PHI,51
2017_09_BAL_TEN,11/5/2017,13:00,BAL,20,TEN,23
2017_09_WAS_SEA,11/5/2017,16:05,WAS,17,SEA,14
2017_09_ARI_SF,11/5/2017,16:05,ARI,20,SF,10
2017_09_KC_DAL,11/5/2017,16:25,KC,17,DAL,28
2017_09_OAK_MIA,11/5/2017,20:30,OAK,27,MIA,24
2017_09_DET_GB,11/6/2017,20:30,DET,30,GB,17
2017_10_SEA_ARI,11/9/2017,20:25,SEA,22,ARI,16
2017_10_NO_BUF,11/12/2017,13:00,NO,47,BUF,10
2017_10_GB_CHI,11/12/2017,13:00,GB,23,CHI,16
2017_10_CLE_DET,11/12/2017,13:00,CLE,24,DET,38
2017_10_PIT_IND,11/12/2017,13:00,PIT,20,IND,17
2017_10_LAC_JAX,11/12/2017,13:00,LAC,17,JAX,20
2017_10_NYJ_TB,11/12/2017,13:00,NYJ,10,TB,15
2017_10_CIN_TEN,11/12/2017,13:00,CIN,20,TEN,24
2017_10_MIN_WAS,11/12/2017,13:00,MIN,38,WAS,30
2017_10_HOU_LA,11/12/2017,16:05,HOU,7,LA,33
2017_10_DAL_ATL,11/12/2017,16:25,DAL,7,ATL,27
2017_10_NYG_SF,11/12/2017,16:25,NYG,21,SF,31
2017_10_NE_DEN,11/12/2017,20:30,NE,41,DEN,16
2017_10_MIA_CAR,11/13/2017,20:30,MIA,21,CAR,45
2017_11_TEN_PIT,11/16/2017,20:25,TEN,17,PIT,40
2017_11_DET_CHI,11/19/2017,13:00,DET,27,CHI,24
2017_11_JAX_CLE,11/19/2017,13:00,JAX,19,CLE,7
2017_11_BAL_GB,11/19/2017,13:00,BAL,23,GB,0
2017_11_ARI_HOU,11/19/2017,13:00,ARI,21,HOU,31
2017_11_TB_MIA,11/19/2017,13:00,TB,30,MIA,20
2017_11_LA_MIN,11/19/2017,13:00,LA,7,MIN,24
2017_11_WAS_NO,11/19/2017,13:00,WAS,31,NO,34
2017_11_KC_NYG,11/19/2017,13:00,KC,9,NYG,12
2017_11_BUF_LAC,11/19/2017,16:05,BUF,24,LAC,54
2017_11_CIN_DEN,11/19/2017,16:25,CIN,20,DEN,17
2017_11_NE_OAK,11/19/2017,16:25,NE,33,OAK,8
2017_11_PHI_DAL,11/19/2017,20:30,PHI,37,DAL,9
2017_11_ATL_SEA,11/20/2017,20:30,ATL,34,SEA,31
2017_12_MIN_DET,11/23/2017,12:30,MIN,30,DET,23
2017_12_LAC_DAL,11/23/2017,16:30,LAC,28,DAL,6
2017_12_NYG_WAS,11/23/2017,20:30,NYG,10,WAS,20
2017_12_TB_ATL,11/26/2017,13:00,TB,20,ATL,34
2017_12_CLE_CIN,11/26/2017,13:00,CLE,16,CIN,30
2017_12_TEN_IND,11/26/2017,13:00,TEN,20,IND,16
2017_12_BUF_KC,11/26/2017,13:00,BUF,16,KC,10
2017_12_MIA_NE,11/26/2017,13:00,MIA,17,NE,35
2017_12_CAR_NYJ,11/26/2017,13:00,CAR,35,NYJ,27
2017_12_CHI_PHI,11/26/2017,13:00,CHI,3,PHI,31
2017_12_SEA_SF,11/26/2017,16:05,SEA,24,SF,13
2017_12_JAX_ARI,11/26/2017,16:25,JAX,24,ARI,27
2017_12_NO_LA,11/26/2017,16:25,NO,20,LA,26
2017_12_DEN_OAK,11/26/2017,16:25,DEN,14,OAK,21
2017_12_GB_PIT,11/26/2017,20:30,GB,28,PIT,31
2017_12_HOU_BAL,11/27/2017,20:30,HOU,16,BAL,23
2017_13_WAS_DAL,11/30/2017,20:25,WAS,14,DAL,38
2017_13_MIN_ATL,12/3/2017,13:00,MIN,14,ATL,9
2017_13_DET_BAL,12/3/2017,13:00,DET,20,BAL,44
2017_13_NE_BUF,12/3/2017,13:00,NE,23,BUF,3
2017_13_SF_CHI,12/3/2017,13:00,SF,15,CHI,14
2017_13_TB_GB,12/3/2017,13:00,TB,20,GB,26
2017_13_IND_JAX,12/3/2017,13:00,IND,10,JAX,30
2017_13_DEN_MIA,12/3/2017,13:00,DEN,9,MIA,35
2017_13_KC_NYJ,12/3/2017,13:00,KC,31,NYJ,38
2017_13_HOU_TEN,12/3/2017,13:00,HOU,13,TEN,24
2017_13_CLE_LAC,12/3/2017,16:05,CLE,10,LAC,19
2017_13_LA_ARI,12/3/2017,16:25,LA,32,ARI,16
2017_13_CAR_NO,12/3/2017,16:25,CAR,21,NO,31
2017_13_NYG_OAK,12/3/2017,16:25,NYG,17,OAK,24
2017_13_PHI_SEA,12/3/2017,20:30,PHI,10,SEA,24
2017_13_PIT_CIN,12/4/2017,20:30,PIT,23,CIN,20
2017_14_NO_ATL,12/7/2017,20:25,NO,17,ATL,20
2017_14_IND_BUF,12/10/2017,13:00,IND,7,BUF,13
2017_14_MIN_CAR,12/10/2017,13:00,MIN,24,CAR,31
2017_14_CHI_CIN,12/10/2017,13:00,CHI,33,CIN,7
2017_14_GB_CLE,12/10/2017,13:00,GB,27,CLE,21
2017_14_SF_HOU,12/10/2017,13:00,SF,26,HOU,16
2017_14_OAK_KC,12/10/2017,13:00,OAK,15,KC,26
2017_14_DAL_NYG,12/10/2017,13:00,DAL,30,NYG,10
2017_14_DET_TB,12/10/2017,13:00,DET,24,TB,21
2017_14_TEN_ARI,12/10/2017,16:05,TEN,7,ARI,12
2017_14_NYJ_DEN,12/10/2017,16:05,NYJ,0,DEN,23
2017_14_WAS_LAC,12/10/2017,16:05,WAS,13,LAC,30
2017_14_SEA_JAX,12/10/2017,16:25,SEA,24,JAX,30
2017_14_PHI_LA,12/10/2017,16:25,PHI,43,LA,35
2017_14_BAL_PIT,12/10/2017,20:30,BAL,38,PIT,39
2017_14_NE_MIA,12/11/2017,20:30,NE,20,MIA,27
2017_15_DEN_IND,12/14/2017,20:25,DEN,25,IND,13
2017_15_CHI_DET,12/16/2017,16:30,CHI,10,DET,20
2017_15_LAC_KC,12/16/2017,20:25,LAC,13,KC,30
2017_15_MIA_BUF,12/17/2017,13:00,MIA,16,BUF,24
2017_15_GB_CAR,12/17/2017,13:00,GB,24,CAR,31
2017_15_BAL_CLE,12/17/2017,13:00,BAL,27,CLE,10
2017_15_HOU_JAX,12/17/2017,13:00,HOU,7,JAX,45
2017_15_CIN_MIN,12/17/2017,13:00,CIN,7,MIN,34
2017_15_NYJ_NO,12/17/2017,13:00,NYJ,19,NO,31
2017_15_PHI_NYG,12/17/2017,13:00,PHI,34,NYG,29
2017_15_ARI_WAS,12/17/2017,13:00,ARI,15,WAS,20
2017_15_LA_SEA,12/17/2017,16:05,LA,42,SEA,7
2017_15_NE_PIT,12/17/2017,16:25,NE,27,PIT,24
2017_15_TEN_SF,12/17/2017,16:25,TEN,23,SF,25
2017_15_DAL_OAK,12/17/2017,20:30,DAL,20,OAK,17
2017_15_ATL_TB,12/18/2017,20:30,ATL,24,TB,21
2017_16_IND_BAL,12/23/2017,16:30,IND,16,BAL,23
2017_16_MIN_GB,12/23/2017,20:30,MIN,16,GB,0
2017_16_TB_CAR,12/24/2017,13:00,TB,19,CAR,22
2017_16_CLE_CHI,12/24/2017,13:00,CLE,3,CHI,20
2017_16_DET_CIN,12/24/2017,13:00,DET,17,CIN,26
2017_16_MIA_KC,12/24/2017,13:00,MIA,13,KC,29
2017_16_BUF_NE,12/24/2017,13:00,BUF,16,NE,37
2017_16_ATL_NO,12/24/2017,13:00,ATL,13,NO,23
2017_16_LAC_NYJ,12/24/2017,13:00,LAC,14,NYJ,7
2017_16_LA_TEN,12/24/2017,13:00,LA,27,TEN,23
2017_16_DEN_WAS,12/24/2017,13:00,DEN,11,WAS,27
2017_16_JAX_SF,12/24/2017,16:05,JAX,33,SF,44
2017_16_NYG_ARI,12/24/2017,16:25,NYG,0,ARI,23
2017_16_SEA_DAL,12/24/2017,16:25,SEA,21,DAL,12
2017_16_PIT_HOU,12/25/2017,16:30,PIT,34,HOU,6
2017_16_OAK_PHI,12/25/2017,20:30,OAK,10,PHI,19
2017_17_GB_DET,12/31/2017,13:00,GB,11,DET,35
2017_17_HOU_IND,12/31/2017,13:00,HOU,13,IND,22
2017_17_CHI_MIN,12/31/2017,13:00,CHI,10,MIN,23
2017_17_NYJ_NE,12/31/2017,13:00,NYJ,6,NE,26
2017_17_WAS_NYG,12/31/2017,13:00,WAS,10,NYG,18
2017_17_DAL_PHI,12/31/2017,13:00,DAL,6,PHI,0
2017_17_CLE_PIT,12/31/2017,13:00,CLE,24,PIT,28
2017_17_CAR_ATL,12/31/2017,16:25,CAR,10,ATL,22
2017_17_CIN_BAL,12/31/2017,16:25,CIN,31,BAL,27
2017_17_KC_DEN,12/31/2017,16:25,KC,27,DEN,24
2017_17_SF_LA,12/31/2017,16:25,SF,34,LA,13
2017_17_OAK_LAC,12/31/2017,16:25,OAK,10,LAC,30
2017_17_BUF_MIA,12/31/2017,16:25,BUF,22,MIA,16
2017_17_ARI_SEA,12/31/2017,16:25,ARI,26,SEA,24
2017_17_NO_TB,12/31/2017,16:25,NO,24,TB,31
2017_17_JAX_TEN,12/31/2017,16:25,JAX,10,TEN,15
2017_18_TEN_KC,1/6/2018,16:36,TEN,22,KC,21
2017_18_ATL_LA,1/6/2018,20:15,ATL,26,LA,13
2017_18_BUF_JAX,1/7/2018,13:05,BUF,3,JAX,10
2017_18_CAR_NO,1/7/2018,16:40,CAR,26,NO,31
2017_19_ATL_PHI,1/13/2018,16:35,ATL,10,PHI,15
2017_19_TEN_NE,1/13/2018,20:15,TEN,14,NE,35
2017_19_JAX_PIT,1/14/2018,13:05,JAX,45,PIT,42
2017_19_NO_MIN,1/14/2018,16:40,NO,24,MIN,29
2017_20_JAX_NE,1/21/2018,15:05,JAX,20,NE,24
2017_20_MIN_PHI,1/21/2018,18:41,MIN,7,PHI,38
2017_21_PHI_NE,2/4/2018,18:31,PHI,41,NE,33
2018_01_ATL_PHI,9/6/2018,20:20,ATL,12,PHI,18
2018_01_BUF_BAL,9/9/2018,13:00,BUF,3,BAL,47
2018_01_PIT_CLE,9/9/2018,13:00,PIT,21,CLE,21
2018_01_CIN_IND,9/9/2018,13:00,CIN,34,IND,23
2018_01_TEN_MIA,9/9/2018,13:00,TEN,20,MIA,27
2018_01_SF_MIN,9/9/2018,13:00,SF,16,MIN,24
2018_01_HOU_NE,9/9/2018,13:00,HOU,20,NE,27
2018_01_TB_NO,9/9/2018,13:00,TB,48,NO,40
2018_01_JAX_NYG,9/9/2018,13:00,JAX,20,NYG,15
2018_01_KC_LAC,9/9/2018,16:05,KC,38,LAC,28
2018_01_WAS_ARI,9/9/2018,16:25,WAS,24,ARI,6
2018_01_DAL_CAR,9/9/2018,16:25,DAL,8,CAR,16
2018_01_SEA_DEN,9/9/2018,16:25,SEA,24,DEN,27
2018_01_CHI_GB,9/9/2018,20:20,CHI,23,GB,24
2018_01_NYJ_DET,9/10/2018,19:10,NYJ,48,DET,17
2018_01_LA_OAK,9/10/2018,22:20,LA,33,OAK,13
2018_02_BAL_CIN,9/13/2018,20:20,BAL,23,CIN,34
2018_02_CAR_ATL,9/16/2018,13:00,CAR,24,ATL,31
2018_02_LAC_BUF,9/16/2018,13:00,LAC,31,BUF,20
2018_02_MIN_GB,9/16/2018,13:00,MIN,29,GB,29
2018_02_CLE_NO,9/16/2018,13:00,CLE,18,NO,21
2018_02_MIA_NYJ,9/16/2018,13:00,MIA,20,NYJ,12
2018_02_KC_PIT,9/16/2018,13:00,KC,42,PIT,37
2018_02_PHI_TB,9/16/2018,13:00,PHI,21,TB,27
2018_02_HOU_TEN,9/16/2018,13:00,HOU,17,TEN,20
2018_02_IND_WAS,9/16/2018,13:00,IND,21,WAS,9
2018_02_ARI_LA,9/16/2018,16:05,ARI,0,LA,34
2018_02_DET_SF,9/16/2018,16:05,DET,27,SF,30
2018_02_OAK_DEN,9/16/2018,16:25,OAK,19,DEN,20
2018_02_NE_JAX,9/16/2018,16:25,NE,20,JAX,31
2018_02_NYG_DAL,9/16/2018,20:20,NYG,13,DAL,20
2018_02_SEA_CHI,9/17/2018,20:15,SEA,17,CHI,24
2018_03_NYJ_CLE,9/20/2018,20:20,NYJ,17,CLE,21
2018_03_NO_ATL,9/23/2018,13:00,NO,43,ATL,37
2018_03_DEN_BAL,9/23/2018,13:00,DEN,14,BAL,27
2018_03_CIN_CAR,9/23/2018,13:00,CIN,21,CAR,31
2018_03_NYG_HOU,9/23/2018,13:00,NYG,27,HOU,22
2018_03_TEN_JAX,9/23/2018,13:00,TEN,9,JAX,6
2018_03_SF_KC,9/23/2018,13:00,SF,27,KC,38
2018_03_OAK_MIA,9/23/2018,13:00,OAK,20,MIA,28
2018_03_BUF_MIN,9/23/2018,13:00,BUF,27,MIN,6
2018_03_IND_PHI,9/23/2018,13:00,IND,16,PHI,20
2018_03_GB_WAS,9/23/2018,13:00,GB,17,WAS,31
2018_03_LAC_LA,9/23/2018,16:05,LAC,23,LA,35
2018_03_CHI_ARI,9/23/2018,16:25,CHI,16,ARI,14
2018_03_DAL_SEA,9/23/2018,16:25,DAL,13,SEA,24
2018_03_NE_DET,9/23/2018,20:20,NE,10,DET,26
2018_03_PIT_TB,9/24/2018,20:15,PIT,30,TB,27
2018_04_MIN_LA,9/27/2018,20:20,MIN,31,LA,38
2018_04_CIN_ATL,9/30/2018,13:00,CIN,37,ATL,36
2018_04_TB_CHI,9/30/2018,13:00,TB,10,CHI,48
2018_04_DET_DAL,9/30/2018,13:00,DET,24,DAL,26
2018_04_BUF_GB,9/30/2018,13:00,BUF,0,GB,22
2018_04_HOU_IND,9/30/2018,13:00,HOU,37,IND,34
2018_04_NYJ_JAX,9/30/2018,13:00,NYJ,12,JAX,31
2018_04_MIA_NE,9/30/2018,13:00,MIA,7,NE,38
2018_04_PHI_TEN,9/30/2018,13:00,PHI,23,TEN,26
2018_04_SEA_ARI,9/30/2018,16:05,SEA,20,ARI,17
2018_04_CLE_OAK,9/30/2018,16:05,CLE,42,OAK,45
2018_04_SF_LAC,9/30/2018,16:25,SF,27,LAC,29
2018_04_NO_NYG,9/30/2018,16:25,NO,33,NYG,18
2018_04_BAL_PIT,9/30/2018,20:20,BAL,26,PIT,14
2018_04_KC_DEN,10/1/2018,20:15,KC,27,DEN,23
2018_05_IND_NE,10/4/2018,20:20,IND,24,NE,38
2018_05_TEN_BUF,10/7/2018,13:00,TEN,12,BUF,13
2018_05_NYG_CAR,10/7/2018,13:00,NYG,31,CAR,33
2018_05_MIA_CIN,10/7/2018,13:00,MIA,17,CIN,27
2018_05_BAL_CLE,10/7/2018,13:00,BAL,9,CLE,12
2018_05_GB_DET,10/7/2018,13:00,GB,23,DET,31
2018_05_JAX_KC,10/7/2018,13:00,JAX,14,KC,30
2018_05_DEN_NYJ,10/7/2018,13:00,DEN,16,NYJ,34
2018_05_ATL_PIT,10/7/2018,13:00,ATL,17,PIT,41
2018_05_OAK_LAC,10/7/2018,16:05,OAK,10,LAC,26
2018_05_MIN_PHI,10/7/2018,16:25,MIN,23,PHI,21
2018_05_LA_SEA,10/7/2018,16:25,LA,33,SEA,31
2018_05_ARI_SF,10/7/2018,16:25,ARI,28,SF,18
2018_05_DAL_HOU,10/7/2018,20:20,DAL,16,HOU,19
2018_05_WAS_NO,10/8/2018,20:15,WAS,19,NO,43
2018_06_PHI_NYG,10/11/2018,20:20,PHI,34,NYG,13
2018_06_TB_ATL,10/14/2018,13:00,TB,29,ATL,34
2018_06_PIT_CIN,10/14/2018,13:00,PIT,28,CIN,21
2018_06_LAC_CLE,10/14/2018,13:00,LAC,38,CLE,14
2018_06_BUF_HOU,10/14/2018,13:00,BUF,13,HOU,20
2018_06_CHI_MIA,10/14/2018,13:00,CHI,28,MIA,31
2018_06_ARI_MIN,10/14/2018,13:00,ARI,17,MIN,27
2018_06_IND_NYJ,10/14/2018,13:00,IND,34,NYJ,42
2018_06_SEA_OAK,10/14/2018,13:00,SEA,27,OAK,3
2018_06_CAR_WAS,10/14/2018,13:00,CAR,17,WAS,23
2018_06_LA_DEN,10/14/2018,16:05,LA,23,DEN,20
2018_06_JAX_DAL,10/14/2018,16:25,JAX,7,DAL,40
2018_06_BAL_TEN,10/14/2018,16:25,BAL,21,TEN,0
2018_06_KC_NE,10/14/2018,20:20,KC,40,NE,43
2018_06_SF_GB,10/15/2018,20:15,SF,30,GB,33
2018_07_DEN_ARI,10/18/2018,20:20,DEN,45,ARI,10
2018_07_NE_CHI,10/21/2018,13:00,NE,38,CHI,31
2018_07_BUF_IND,10/21/2018,13:00,BUF,5,IND,37
2018_07_HOU_JAX,10/21/2018,13:00,HOU,20,JAX,7
2018_07_DET_MIA,10/21/2018,13:00,DET,32,MIA,21
2018_07_MIN_NYJ,10/21/2018,13:00,MIN,37,NYJ,17
2018_07_CAR_PHI,10/21/2018,13:00,CAR,21,PHI,17
2018_07_CLE_TB,10/21/2018,13:00,CLE,23,TB,26
2018_07_NO_BAL,10/21/2018,16:05,NO,24,BAL,23
2018_07_LA_SF,10/21/2018,16:25,LA,39,SF,10
2018_07_DAL_WAS,10/21/2018,16:25,DAL,17,WAS,20
2018_07_CIN_KC,10/21/2018,20:20,CIN,10,KC,45
2018_07_TEN_LAC,10/21/2018,21:30,TEN,19,LAC,20
2018_07_NYG_ATL,10/22/2018,20:15,NYG,20,ATL,23
2018_08_MIA_HOU,10/25/2018,20:20,MIA,23,HOU,42
2018_08_BAL_CAR,10/28/2018,13:00,BAL,21,CAR,36
2018_08_NYJ_CHI,10/28/2018,13:00,NYJ,10,CHI,24
2018_08_TB_CIN,10/28/2018,13:00,TB,34,CIN,37
2018_08_SEA_DET,10/28/2018,13:00,SEA,28,DET,14
2018_08_DEN_KC,10/28/2018,13:00,DEN,23,KC,30
2018_08_WAS_NYG,10/28/2018,13:00,WAS,20,NYG,13
2018_08_CLE_PIT,10/28/2018,13:00,CLE,18,PIT,33
2018_08_IND_OAK,10/28/2018,16:05,IND,42,OAK,28
2018_08_SF_ARI,10/28/2018,16:25,SF,15,ARI,18
2018_08_GB_LA,10/28/2018,16:25,GB,27,LA,29
2018_08_NO_MIN,10/28/2018,20:20,NO,30,MIN,20
2018_08_PHI_JAX,10/28/2018,21:30,PHI,24,JAX,18
2018_08_NE_BUF,10/29/2018,20:15,NE,25,BUF,6
2018_09_OAK_SF,11/1/2018,20:20,OAK,3,SF,34
2018_09_PIT_BAL,11/4/2018,13:00,PIT,23,BAL,16
2018_09_CHI_BUF,11/4/2018,13:00,CHI,41,BUF,9
2018_09_TB_CAR,11/4/2018,13:00,TB,28,CAR,42
2018_09_KC_CLE,11/4/2018,13:00,KC,37,CLE,21
2018_09_NYJ_MIA,11/4/2018,13:00,NYJ,6,MIA,13
2018_09_DET_MIN,11/4/2018,13:00,DET,9,MIN,24
2018_09_ATL_WAS,11/4/2018,13:00,ATL,38,WAS,14
2018_09_HOU_DEN,11/4/2018,16:05,HOU,19,DEN,17
2018_09_LAC_SEA,11/4/2018,16:05,LAC,25,SEA,17
2018_09_LA_NO,11/4/2018,16:25,LA,35,NO,45
2018_09_GB_NE,11/4/2018,20:20,GB,17,NE,31
2018_09_TEN_DAL,11/5/2018,20:15,TEN,28,DAL,14
2018_10_CAR_PIT,11/8/2018,20:20,CAR,21,PIT,52
2018_10_DET_CHI,11/11/2018,13:00,DET,22,CHI,34
2018_10_NO_CIN,11/11/2018,13:00,NO,51,CIN,14
2018_10_ATL_CLE,11/11/2018,13:00,ATL,16,CLE,28
2018_10_JAX_IND,11/11/2018,13:00,JAX,26,IND,29
2018_10_ARI_KC,11/11/2018,13:00,ARI,14,KC,26
2018_10_BUF_NYJ,11/11/2018,13:00,BUF,41,NYJ,10
2018_10_WAS_TB,11/11/2018,13:00,WAS,16,TB,3
2018_10_NE_TEN,11/11/2018,13:00,NE,10,TEN,34
2018_10_LAC_OAK,11/11/2018,16:05,LAC,20,OAK,6
2018_10_MIA_GB,11/11/2018,16:25,MIA,12,GB,31
2018_10_SEA_LA,11/11/2018,16:25,SEA,31,LA,36
2018_10_DAL_PHI,11/11/2018,20:20,DAL,27,PHI,20
2018_10_NYG_SF,11/12/2018,20:15,NYG,27,SF,23
2018_11_GB_SEA,11/15/2018,20:20,GB,24,SEA,27
2018_11_DAL_ATL,11/18/2018,13:00,DAL,22,ATL,19
2018_11_CIN_BAL,11/18/2018,13:00,CIN,21,BAL,24
2018_11_CAR_DET,11/18/2018,13:00,CAR,19,DET,20
2018_11_TEN_IND,11/18/2018,13:00,TEN,10,IND,38
2018_11_PIT_JAX,11/18/2018,13:00,PIT,20,JAX,16
2018_11_TB_NYG,11/18/2018,13:00,TB,35,NYG,38
2018_11_HOU_WAS,11/18/2018,13:00,HOU,23,WAS,21
2018_11_OAK_ARI,11/18/2018,16:05,OAK,23,ARI,21
2018_11_DEN_LAC,11/18/2018,16:05,DEN,23,LAC,22
2018_11_PHI_NO,11/18/2018,16:25,PHI,7,NO,48
2018_11_MIN_CHI,11/18/2018,20:20,MIN,20,CHI,25
2018_11_KC_LA,11/19/2018,20:15,KC,51,LA,54
2018_12_CHI_DET,11/22/2018,12:30,CHI,23,DET,16
2018_12_WAS_DAL,11/22/2018,16:30,WAS,23,DAL,31
2018_12_ATL_NO,11/22/2018,20:20,ATL,17,NO,31
2018_12_OAK_BAL,11/25/2018,13:00,OAK,17,BAL,34
2018_12_JAX_BUF,11/25/2018,13:00,JAX,21,BUF,24
2018_12_SEA_CAR,11/25/2018,13:00,SEA,30,CAR,27
2018_12_CLE_CIN,11/25/2018,13:00,CLE,35,CIN,20
2018_12_NE_NYJ,11/25/2018,13:00,NE,27,NYJ,13
2018_12_NYG_PHI,11/25/2018,13:00,NYG,22,PHI,25
2018_12_SF_TB,11/25/2018,13:00,SF,9,TB,27
2018_12_ARI_LAC,11/25/2018,16:05,ARI,10,LAC,45
2018_12_PIT_DEN,11/25/2018,16:25,PIT,17,DEN,24
2018_12_MIA_IND,11/25/2018,16:25,MIA,24,IND,27
2018_12_GB_MIN,11/25/2018,20:20,GB,17,MIN,24
2018_12_TEN_HOU,11/26/2018,20:15,TEN,17,HOU,34
2018_13_NO_DAL,11/29/2018,20:20,NO,10,DAL,13
2018_13_BAL_ATL,12/2/2018,13:00,BAL,26,ATL,16
2018_13_DEN_CIN,12/2/2018,13:00,DEN,24,CIN,10
2018_13_LA_DET,12/2/2018,13:00,LA,30,DET,16
2018_13_ARI_GB,12/2/2018,13:00,ARI,20,GB,17
2018_13_CLE_HOU,12/2/2018,13:00,CLE,13,HOU,29
2018_13_IND_JAX,12/2/2018,13:00,IND,0,JAX,6
2018_13_BUF_MIA,12/2/2018,13:00,BUF,17,MIA,21
2018_13_CHI_NYG,12/2/2018,13:00,CHI,27,NYG,30
2018_13_CAR_TB,12/2/2018,13:00,CAR,17,TB,24
2018_13_KC_OAK,12/2/2018,16:05,KC,40,OAK,33
2018_13_NYJ_TEN,12/2/2018,16:05,NYJ,22,TEN,26
2018_13_MIN_NE,12/2/2018,16:25,MIN,10,NE,24
2018_13_SF_SEA,12/2/2018,16:25,SF,16,SEA,43
2018_13_LAC_PIT,12/2/2018,20:20,LAC,33,PIT,30
2018_13_WAS_PHI,12/3/2018,20:15,WAS,13,PHI,28
2018_14_JAX_TEN,12/6/2018,20:20,JAX,9,TEN,30
2018_14_NYJ_BUF,12/9/2018,13:00,NYJ,27,BUF,23
2018_14_CAR_CLE,12/9/2018,13:00,CAR,20,CLE,26
2018_14_ATL_GB,12/9/2018,13:00,ATL,20,GB,34
2018_14_IND_HOU,12/9/2018,13:00,IND,24,HOU,21
2018_14_BAL_KC,12/9/2018,13:00,BAL,24,KC,27
2018_14_NE_MIA,12/9/2018,13:00,NE,33,MIA,34
2018_14_NO_TB,12/9/2018,13:00,NO,28,TB,14
2018_14_NYG_WAS,12/9/2018,13:00,NYG,40,WAS,16
2018_14_CIN_LAC,12/9/2018,16:05,CIN,21,LAC,26
2018_14_DEN_SF,12/9/2018,16:05,DEN,14,SF,20
2018_14_DET_ARI,12/9/2018,16:25,DET,17,ARI,3
2018_14_PHI_DAL,12/9/2018,16:25,PHI,23,DAL,29
2018_14_PIT_OAK,12/9/2018,16:25,PIT,21,OAK,24
2018_14_LA_CHI,12/9/2018,20:20,LA,6,CHI,15
2018_14_MIN_SEA,12/10/2018,20:15,MIN,7,SEA,21
2018_15_LAC_KC,12/13/2018,20:20,LAC,29,KC,28
2018_15_HOU_NYJ,12/15/2018,16:30,HOU,29,NYJ,22
2018_15_CLE_DEN,12/15/2018,20:20,CLE,17,DEN,16
2018_15_ARI_ATL,12/16/2018,13:00,ARI,14,ATL,40
2018_15_TB_BAL,12/16/2018,13:00,TB,12,BAL,20
2018_15_DET_BUF,12/16/2018,13:00,DET,13,BUF,14
2018_15_GB_CHI,12/16/2018,13:00,GB,17,CHI,24
2018_15_OAK_CIN,12/16/2018,13:00,OAK,16,CIN,30
2018_15_DAL_IND,12/16/2018,13:00,DAL,0,IND,23
2018_15_WAS_JAX,12/16/2018,13:00,WAS,16,JAX,13
2018_15_MIA_MIN,12/16/2018,13:00,MIA,17,MIN,41
2018_15_TEN_NYG,12/16/2018,13:00,TEN,17,NYG,0
2018_15_SEA_SF,12/16/2018,16:05,SEA,23,SF,26
2018_15_NE_PIT,12/16/2018,16:25,NE,10,PIT,17
2018_15_PHI_LA,12/16/2018,20:20,PHI,30,LA,23
2018_15_NO_CAR,12/17/2018,20:15,NO,12,CAR,9
2018_16_WAS_TEN,12/22/2018,16:30,WAS,16,TEN,25
2018_16_BAL_LAC,12/22/2018,20:20,BAL,22,LAC,10
2018_16_ATL_CAR,12/23/2018,13:00,ATL,24,CAR,10
2018_16_CIN_CLE,12/23/2018,13:00,CIN,18,CLE,26
2018_16_TB_DAL,12/23/2018,13:00,TB,20,DAL,27
2018_16_MIN_DET,12/23/2018,13:00,MIN,27,DET,9
2018_16_NYG_IND,12/23/2018,13:00,NYG,27,IND,28
2018_16_JAX_MIA,12/23/2018,13:00,JAX,17,MIA,7
2018_16_BUF_NE,12/23/2018,13:00,BUF,12,NE,24
2018_16_GB_NYJ,12/23/2018,13:00,GB,44,NYJ,38
2018_16_HOU_PHI,12/23/2018,13:00,HOU,30,PHI,32
2018_16_LA_ARI,12/23/2018,16:05,LA,31,ARI,9
2018_16_CHI_SF,12/23/2018,16:05,CHI,14,SF,9
2018_16_PIT_NO,12/23/2018,16:25,PIT,28,NO,31
2018_16_KC_SEA,12/23/2018,20:20,KC,31,SEA,38
2018_16_DEN_OAK,12/24/2018,20:15,DEN,14,OAK,27
2018_17_MIA_BUF,12/30/2018,13:00,MIA,17,BUF,42
2018_17_DET_GB,12/30/2018,13:00,DET,31,GB,0
2018_17_JAX_HOU,12/30/2018,13:00,JAX,3,HOU,20
2018_17_NYJ_NE,12/30/2018,13:00,NYJ,3,NE,38
2018_17_CAR_NO,12/30/2018,13:00,CAR,33,NO,14
2018_17_DAL_NYG,12/30/2018,13:00,DAL,36,NYG,35
2018_17_ATL_TB,12/30/2018,13:00,ATL,34,TB,32
2018_17_CLE_BAL,12/30/2018,16:25,CLE,24,BAL,26
2018_17_LAC_DEN,12/30/2018,16:25,LAC,23,DEN,9
2018_17_OAK_KC,12/30/2018,16:25,OAK,3,KC,35
2018_17_SF_LA,12/30/2018,16:25,SF,32,LA,48
2018_17_CHI_MIN,12/30/2018,16:25,CHI,24,MIN,10
2018_17_CIN_PIT,12/30/2018,16:25,CIN,13,PIT,16
2018_17_ARI_SEA,12/30/2018,16:25,ARI,24,SEA,27
2018_17_PHI_WAS,12/30/2018,16:25,PHI,24,WAS,0
2018_17_IND_TEN,12/30/2018,20:20,IND,33,TEN,17
2018_18_IND_HOU,1/5/2019,16:35,IND,21,HOU,7
2018_18_SEA_DAL,1/5/2019,20:15,SEA,22,DAL,24
2018_18_LAC_BAL,1/6/2019,13:05,LAC,23,BAL,17
2018_18_PHI_CHI,1/6/2019,16:40,PHI,16,CHI,15
2018_19_IND_KC,1/12/2019,16:35,IND,13,KC,31
2018_19_DAL_LA,1/12/2019,20:15,DAL,22,LA,30
2018_19_LAC_NE,1/13/2019,13:05,LAC,28,NE,41
2018_19_PHI_NO,1/13/2019,16:40,PHI,14,NO,20
2018_20_LA_NO,1/20/2019,15:05,LA,26,NO,23
2018_20_NE_KC,1/20/2019,18:40,NE,37,KC,31
2018_21_NE_LA,2/3/2019,18:30,NE,13,LA,3
2019_01_GB_CHI,9/5/2019,20:20,GB,10,CHI,3
2019_01_LA_CAR,9/8/2019,13:00,LA,30,CAR,27
2019_01_TEN_CLE,9/8/2019,13:00,TEN,43,CLE,13
2019_01_KC_JAX,9/8/2019,13:00,KC,40,JAX,26
2019_01_BAL_MIA,9/8/2019,13:00,BAL,59,MIA,10
2019_01_ATL_MIN,9/8/2019,13:00,ATL,12,MIN,28
2019_01_BUF_NYJ,9/8/2019,13:00,BUF,17,NYJ,16
2019_01_WAS_PHI,9/8/2019,13:00,WAS,27,PHI,32
2019_01_IND_LAC,9/8/2019,16:05,IND,24,LAC,30
2019_01_CIN_SEA,9/8/2019,16:05,CIN,20,SEA,21
2019_01_DET_ARI,9/8/2019,16:25,DET,27,ARI,27
2019_01_NYG_DAL,9/8/2019,16:25,NYG,17,DAL,35
2019_01_SF_TB,9/8/2019,16:25,SF,31,TB,17
2019_01_PIT_NE,9/8/2019,20:20,PIT,3,NE,33
2019_01_HOU_NO,9/9/2019,19:10,HOU,28,NO,30
2019_01_DEN_OAK,9/9/2019,22:20,DEN,16,OAK,24
2019_02_TB_CAR,9/12/2019,20:20,TB,20,CAR,14
2019_02_ARI_BAL,9/15/2019,13:00,ARI,17,BAL,23
2019_02_SF_CIN,9/15/2019,13:00,SF,41,CIN,17
2019_02_LAC_DET,9/15/2019,13:00,LAC,10,DET,13
2019_02_MIN_GB,9/15/2019,13:00,MIN,16,GB,21
2019_02_JAX_HOU,9/15/2019,13:00,JAX,12,HOU,13
2019_02_NE_MIA,9/15/2019,13:00,NE,43,MIA,0
2019_02_BUF_NYG,9/15/2019,13:00,BUF,28,NYG,14
2019_02_SEA_PIT,9/15/2019,13:00,SEA,28,PIT,26
2019_02_IND_TEN,9/15/2019,13:00,IND,19,TEN,17
2019_02_DAL_WAS,9/15/2019,13:00,DAL,31,WAS,21
2019_02_KC_OAK,9/15/2019,16:05,KC,28,OAK,10
2019_02_CHI_DEN,9/15/2019,16:25,CHI,16,DEN,14
2019_02_NO_LA,9/15/2019,16:25,NO,9,LA,27
2019_02_PHI_ATL,9/15/2019,20:20,PHI,20,ATL,24
2019_02_CLE_NYJ,9/16/2019,20:15,CLE,23,NYJ,3
2019_03_TEN_JAX,9/19/2019,20:20,TEN,7,JAX,20
2019_03_CIN_BUF,9/22/2019,13:00,CIN,17,BUF,21
2019_03_MIA_DAL,9/22/2019,13:00,MIA,6,DAL,31
2019_03_DEN_GB,9/22/2019,13:00,DEN,16,GB,27
2019_03_ATL_IND,9/22/2019,13:00,ATL,24,IND,27
2019_03_BAL_KC,9/22/2019,13:00,BAL,28,KC,33
2019_03_OAK_MIN,9/22/2019,13:00,OAK,14,MIN,34
2019_03_NYJ_NE,9/22/2019,13:00,NYJ,14,NE,30
2019_03_DET_PHI,9/22/2019,13:00,DET,27,PHI,24
2019_03_CAR_ARI,9/22/2019,16:05,CAR,38,ARI,20
2019_03_NYG_TB,9/22/2019,16:05,NYG,32,TB,31
2019_03_HOU_LAC,9/22/2019,16:25,HOU,27,LAC,20
2019_03_NO_SEA,9/22/2019,16:25,NO,33,SEA,27
2019_03_PIT_SF,9/22/2019,16:25,PIT,20,SF,24
2019_03_LA_CLE,9/22/2019,20:20,LA,20,CLE,13
2019_03_CHI_WAS,9/23/2019,20:15,CHI,31,WAS,15
2019_04_PHI_GB,9/26/2019,20:20,PHI,34,GB,27
2019_04_TEN_ATL,9/29/2019,13:00,TEN,24,ATL,10
2019_04_CLE_BAL,9/29/2019,13:00,CLE,40,BAL,25
2019_04_NE_BUF,9/29/2019,13:00,NE,16,BUF,10
2019_04_KC_DET,9/29/2019,13:00,KC,34,DET,30
2019_04_CAR_HOU,9/29/2019,13:00,CAR,16,HOU,10
2019_04_OAK_IND,9/29/2019,13:00,OAK,31,IND,24
2019_04_LAC_MIA,9/29/2019,13:00,LAC,30,MIA,10
2019_04_WAS_NYG,9/29/2019,13:00,WAS,3,NYG,24
2019_04_SEA_ARI,9/29/2019,16:05,SEA,27,ARI,10
2019_04_TB_LA,9/29/2019,16:05,TB,55,LA,40
2019_04_MIN_CHI,9/29/2019,16:25,MIN,6,CHI,16
2019_04_JAX_DEN,9/29/2019,16:25,JAX,26,DEN,24
2019_04_DAL_NO,9/29/2019,20:20,DAL,10,NO,12
2019_04_CIN_PIT,9/30/2019,20:15,CIN,3,PIT,27
2019_05_LA_SEA,10/3/2019,20:20,LA,29,SEA,30
2019_05_JAX_CAR,10/6/2019,13:00,JAX,27,CAR,34
2019_05_ARI_CIN,10/6/2019,13:00,ARI,26,CIN,23
2019_05_ATL_HOU,10/6/2019,13:00,ATL,32,HOU,53
2019_05_TB_NO,10/6/2019,13:00,TB,24,NO,31
2019_05_MIN_NYG,10/6/2019,13:00,MIN,28,NYG,10
2019_05_CHI_OAK,10/6/2019,13:00,CHI,21,OAK,24
2019_05_NYJ_PHI,10/6/2019,13:00,NYJ,6,PHI,31
2019_05_BAL_PIT,10/6/2019,13:00,BAL,26,PIT,23
2019_05_BUF_TEN,10/6/2019,13:00,BUF,14,TEN,7
2019_05_NE_WAS,10/6/2019,13:00,NE,33,WAS,7
2019_05_DEN_LAC,10/6/2019,16:05,DEN,20,LAC,13
2019_05_GB_DAL,10/6/2019,16:25,GB,34,DAL,24
2019_05_IND_KC,10/6/2019,20:20,IND,19,KC,13
2019_05_CLE_SF,10/7/2019,20:15,CLE,3,SF,31
2019_06_NYG_NE,10/10/2019,20:20,NYG,14,NE,35
2019_06_CAR_TB,10/13/2019,9:30,CAR,37,TB,26
2019_06_CIN_BAL,10/13/2019,13:00,CIN,17,BAL,23
2019_06_SEA_CLE,10/13/2019,13:00,SEA,32,CLE,28
2019_06_NO_JAX,10/13/2019,13:00,NO,13,JAX,6
2019_06_HOU_KC,10/13/2019,13:00,HOU,31,KC,24
2019_06_WAS_MIA,10/13/2019,13:00,WAS,17,MIA,16
2019_06_PHI_MIN,10/13/2019,13:00,PHI,20,MIN,38
2019_06_ATL_ARI,10/13/2019,16:05,ATL,33,ARI,34
2019_06_SF_LA,10/13/2019,16:05,SF,20,LA,7
2019_06_TEN_DEN,10/13/2019,16:25,TEN,0,DEN,16
2019_06_DAL_NYJ,10/13/2019,16:25,DAL,22,NYJ,24
2019_06_PIT_LAC,10/13/2019,20:20,PIT,24,LAC,17
2019_06_DET_GB,10/14/2019,20:15,DET,22,GB,23
2019_07_KC_DEN,10/17/2019,20:20,KC,30,DEN,6
2019_07_LA_ATL,10/20/2019,13:00,LA,37,ATL,10
2019_07_MIA_BUF,10/20/2019,13:00,MIA,21,BUF,31
2019_07_JAX_CIN,10/20/2019,13:00,JAX,27,CIN,17
2019_07_MIN_DET,10/20/2019,13:00,MIN,42,DET,30
2019_07_OAK_GB,10/20/2019,13:00,OAK,24,GB,42
2019_07_HOU_IND,10/20/2019,13:00,HOU,23,IND,30
2019_07_ARI_NYG,10/20/2019,13:00,ARI,27,NYG,21
2019_07_SF_WAS,10/20/2019,13:00,SF,9,WAS,0
2019_07_LAC_TEN,10/20/2019,16:05,LAC,20,TEN,23
2019_07_NO_CHI,10/20/2019,16:25,NO,36,CHI,25
2019_07_BAL_SEA,10/20/2019,16:25,BAL,30,SEA,16
2019_07_PHI_DAL,10/20/2019,20:20,PHI,10,DAL,37
2019_07_NE_NYJ,10/21/2019,20:15,NE,33,NYJ,0
2019_08_WAS_MIN,10/24/2019,20:20,WAS,9,MIN,19
2019_08_SEA_ATL,10/27/2019,13:00,SEA,27,ATL,20
2019_08_PHI_BUF,10/27/2019,13:00,PHI,31,BUF,13
2019_08_LAC_CHI,10/27/2019,13:00,LAC,17,CHI,16
2019_08_NYG_DET,10/27/2019,13:00,NYG,26,DET,31
2019_08_DEN_IND,10/27/2019,13:00,DEN,13,IND,15
2019_08_NYJ_JAX,10/27/2019,13:00,NYJ,15,JAX,29
2019_08_CIN_LA,10/27/2019,13:00,CIN,10,LA,24
2019_08_ARI_NO,10/27/2019,13:00,ARI,9,NO,31
2019_08_TB_TEN,10/27/2019,13:00,TB,23,TEN,27
2019_08_CAR_SF,10/27/2019,16:05,CAR,13,SF,51
2019_08_OAK_HOU,10/27/2019,16:25,OAK,24,HOU,27
2019_08_CLE_NE,10/27/2019,16:25,CLE,13,NE,27
2019_08_GB_KC,10/27/2019,20:20,GB,31,KC,24
2019_08_MIA_PIT,10/28/2019,20:15,MIA,14,PIT,27
2019_09_SF_ARI,10/31/2019,20:20,SF,28,ARI,25
2019_09_HOU_JAX,11/3/2019,9:30,HOU,26,JAX,3
2019_09_WAS_BUF,11/3/2019,13:00,WAS,9,BUF,24
2019_09_TEN_CAR,11/3/2019,13:00,TEN,20,CAR,30
2019_09_MIN_KC,11/3/2019,13:00,MIN,23,KC,26
2019_09_NYJ_MIA,11/3/2019,13:00,NYJ,18,MIA,26
2019_09_CHI_PHI,11/3/2019,13:00,CHI,14,PHI,22
2019_09_IND_PIT,11/3/2019,13:00,IND,24,PIT,26
2019_09_DET_OAK,11/3/2019,16:05,DET,24,OAK,31
2019_09_TB_SEA,11/3/2019,16:05,TB,34,SEA,40
2019_09_CLE_DEN,11/3/2019,16:25,CLE,19,DEN,24
2019_09_GB_LAC,11/3/2019,16:25,GB,11,LAC,26
2019_09_NE_BAL,11/3/2019,20:20,NE,20,BAL,37
2019_09_DAL_NYG,11/4/2019,20:15,DAL,37,NYG,18
2019_10_LAC_OAK,11/7/2019,20:20,LAC,24,OAK,26
2019_10_DET_CHI,11/10/2019,13:00,DET,13,CHI,20
2019_10_BAL_CIN,11/10/2019,13:00,BAL,49,CIN,13
2019_10_BUF_CLE,11/10/2019,13:00,BUF,16,CLE,19
2019_10_ATL_NO,11/10/2019,13:00,ATL,26,NO,9
2019_10_NYG_NYJ,11/10/2019,13:00,NYG,27,NYJ,34
2019_10_ARI_TB,11/10/2019,13:00,ARI,27,TB,30
2019_10_KC_TEN,11/10/2019,13:00,KC,32,TEN,35
2019_10_MIA_IND,11/10/2019,16:05,MIA,16,IND,12
2019_10_CAR_GB,11/10/2019,16:25,CAR,16,GB,24
2019_10_LA_PIT,11/10/2019,16:25,LA,12,PIT,17
2019_10_MIN_DAL,11/10/2019,20:20,MIN,28,DAL,24
2019_10_SEA_SF,11/11/2019,20:15,SEA,27,SF,24
2019_11_PIT_CLE,11/14/2019,20:20,PIT,7,CLE,21
2019_11_HOU_BAL,11/17/2019,13:00,HOU,7,BAL,41
2019_11_ATL_CAR,11/17/2019,13:00,ATL,29,CAR,3
2019_11_DAL_DET,11/17/2019,13:00,DAL,35,DET,27
2019_11_JAX_IND,11/17/2019,13:00,JAX,13,IND,33
2019_11_BUF_MIA,11/17/2019,13:00,BUF,37,MIA,20
2019_11_DEN_MIN,11/17/2019,13:00,DEN,23,MIN,27
2019_11_NO_TB,11/17/2019,13:00,NO,34,TB,17
2019_11_NYJ_WAS,11/17/2019,13:00,NYJ,34,WAS,17
2019_11_ARI_SF,11/17/2019,16:05,ARI,26,SF,36
2019_11_CIN_OAK,11/17/2019,16:25,CIN,10,OAK,17
2019_11_NE_PHI,11/17/2019,16:25,NE,17,PHI,10
2019_11_CHI_LA,11/17/2019,20:20,CHI,7,LA,17
2019_11_KC_LAC,11/18/2019,20:15,KC,24,LAC,17
2019_12_IND_HOU,11/21/2019,20:20,IND,17,HOU,20
2019_12_TB_ATL,11/24/2019,13:00,TB,35,ATL,22
2019_12_DEN_BUF,11/24/2019,13:00,DEN,3,BUF,20
2019_12_NYG_CHI,11/24/2019,13:00,NYG,14,CHI,19
2019_12_PIT_CIN,11/24/2019,13:00,PIT,16,CIN,10
2019_12_MIA_CLE,11/24/2019,13:00,MIA,24,CLE,41
2019_12_CAR_NO,11/24/2019,13:00,CAR,31,NO,34
2019_12_OAK_NYJ,11/24/2019,13:00,OAK,3,NYJ,34
2019_12_SEA_PHI,11/24/2019,13:00,SEA,17,PHI,9
2019_12_DET_WAS,11/24/2019,13:00,DET,16,WAS,19
2019_12_JAX_TEN,11/24/2019,16:05,JAX,20,TEN,42
2019_12_DAL_NE,11/24/2019,16:25,DAL,9,NE,13
2019_12_GB_SF,11/24/2019,20:20,GB,8,SF,37
2019_12_BAL_LA,11/25/2019,20:15,BAL,45,LA,6
2019_13_CHI_DET,11/28/2019,12:30,CHI,24,DET,20
2019_13_BUF_DAL,11/28/2019,16:30,BUF,26,DAL,15
2019_13_NO_ATL,11/28/2019,20:20,NO,26,ATL,18
2019_13_SF_BAL,12/1/2019,13:00,SF,17,BAL,20
2019_13_WAS_CAR,12/1/2019,13:00,WAS,29,CAR,21
2019_13_NYJ_CIN,12/1/2019,13:00,NYJ,6,CIN,22
2019_13_TEN_IND,12/1/2019,13:00,TEN,31,IND,17
2019_13_TB_JAX,12/1/2019,13:00,TB,28,JAX,11
2019_13_PHI_MIA,12/1/2019,13:00,PHI,31,MIA,37
2019_13_GB_NYG,12/1/2019,13:00,GB,31,NYG,13
2019_13_CLE_PIT,12/1/2019,13:00,CLE,13,PIT,20
2019_13_LA_ARI,12/1/2019,16:05,LA,34,ARI,7
2019_13_LAC_DEN,12/1/2019,16:25,LAC,20,DEN,23
2019_13_OAK_KC,12/1/2019,16:25,OAK,9,KC,40
2019_13_NE_HOU,12/1/2019,20:20,NE,22,HOU,28
2019_13_MIN_SEA,12/2/2019,20:15,MIN,30,SEA,37
2019_14_DAL_CHI,12/5/2019,20:20,DAL,24,CHI,31
2019_14_CAR_ATL,12/8/2019,13:00,CAR,20,ATL,40
2019_14_BAL_BUF,12/8/2019,13:00,BAL,24,BUF,17
2019_14_CIN_CLE,12/8/2019,13:00,CIN,19,CLE,27
2019_14_WAS_GB,12/8/2019,13:00,WAS,15,GB,20
2019_14_DEN_HOU,12/8/2019,13:00,DEN,38,HOU,24
2019_14_DET_MIN,12/8/2019,13:00,DET,7,MIN,20
2019_14_SF_NO,12/8/2019,13:00,SF,48,NO,46
2019_14_MIA_NYJ,12/8/2019,13:00,MIA,21,NYJ,22
2019_14_IND_TB,12/8/2019,13:00,IND,35,TB,38
2019_14_LAC_JAX,12/8/2019,16:05,LAC,45,JAX,10
2019_14_PIT_ARI,12/8/2019,16:25,PIT,23,ARI,17
2019_14_KC_NE,12/8/2019,16:25,KC,23,NE,16
2019_14_TEN_OAK,12/8/2019,16:25,TEN,42,OAK,21
2019_14_SEA_LA,12/8/2019,20:20,SEA,12,LA,28
2019_14_NYG_PHI,12/9/2019,20:15,NYG,17,PHI,23
2019_15_NYJ_BAL,12/12/2019,20:20,NYJ,21,BAL,42
2019_15_SEA_CAR,12/15/2019,13:00,SEA,30,CAR,24
2019_15_NE_CIN,12/15/2019,13:00,NE,34,CIN,13
2019_15_TB_DET,12/15/2019,13:00,TB,38,DET,17
2019_15_CHI_GB,12/15/2019,13:00,CHI,13,GB,21
2019_15_DEN_KC,12/15/2019,13:00,DEN,3,KC,23
2019_15_MIA_NYG,12/15/2019,13:00,MIA,20,NYG,36
2019_15_HOU_TEN,12/15/2019,13:00,HOU,24,TEN,21
2019_15_PHI_WAS,12/15/2019,13:00,PHI,37,WAS,27
2019_15_CLE_ARI,12/15/2019,16:05,CLE,24,ARI,38
2019_15_MIN_LAC,12/15/2019,16:05,MIN,39,LAC,10
2019_15_JAX_OAK,12/15/2019,16:05,JAX,20,OAK,16
2019_15_LA_DAL,12/15/2019,16:25,LA,21,DAL,44
2019_15_ATL_SF,12/15/2019,16:25,ATL,29,SF,22
2019_15_BUF_PIT,12/15/2019,20:20,BUF,17,PIT,10
2019_15_IND_NO,12/16/2019,20:15,IND,7,NO,34
2019_16_HOU_TB,12/21/2019,13:00,HOU,23,TB,20
2019_16_BUF_NE,12/21/2019,16:30,BUF,17,NE,24
2019_16_LA_SF,12/21/2019,20:15,LA,31,SF,34
2019_16_JAX_ATL,12/22/2019,13:00,JAX,12,ATL,24
2019_16_BAL_CLE,12/22/2019,13:00,BAL,31,CLE,15
2019_16_CAR_IND,12/22/2019,13:00,CAR,6,IND,38
2019_16_CIN_MIA,12/22/2019,13:00,CIN,35,MIA,38
2019_16_PIT_NYJ,12/22/2019,13:00,PIT,10,NYJ,16
2019_16_NO_TEN,12/22/2019,13:00,NO,38,TEN,28
2019_16_NYG_WAS,12/22/2019,13:00,NYG,41,WAS,35
2019_16_DET_DEN,12/22/2019,16:05,DET,17,DEN,27
2019_16_OAK_LAC,12/22/2019,16:05,OAK,24,LAC,17
2019_16_DAL_PHI,12/22/2019,16:25,DAL,9,PHI,17
2019_16_ARI_SEA,12/22/2019,16:25,ARI,27,SEA,13
2019_16_KC_CHI,12/22/2019,20:20,KC,26,CHI,3
2019_16_GB_MIN,12/23/2019,20:15,GB,23,MIN,10
2019_17_NYJ_BUF,12/29/2019,13:00,NYJ,13,BUF,6
2019_17_NO_CAR,12/29/2019,13:00,NO,42,CAR,10
2019_17_CLE_CIN,12/29/2019,13:00,CLE,23,CIN,33
2019_17_GB_DET,12/29/2019,13:00,GB,23,DET,20
2019_17_LAC_KC,12/29/2019,13:00,LAC,21,KC,31
2019_17_CHI_MIN,12/29/2019,13:00,CHI,21,MIN,19
2019_17_MIA_NE,12/29/2019,13:00,MIA,27,NE,24
2019_17_ATL_TB,12/29/2019,13:00,ATL,28,TB,22
2019_17_PIT_BAL,12/29/2019,16:25,PIT,10,BAL,28
2019_17_WAS_DAL,12/29/2019,16:25,WAS,16,DAL,47
2019_17_OAK_DEN,12/29/2019,16:25,OAK,15,DEN,16
2019_17_TEN_HOU,12/29/2019,16:25,TEN,35,HOU,14
2019_17_IND_JAX,12/29/2019,16:25,IND,20,JAX,38
2019_17_ARI_LA,12/29/2019,16:25,ARI,24,LA,31
2019_17_PHI_NYG,12/29/2019,16:25,PHI,34,NYG,17
2019_17_SF_SEA,12/29/2019,20:20,SF,26,SEA,21
2019_18_BUF_HOU,1/4/2020,16:35,BUF,19,HOU,22
2019_18_TEN_NE,1/4/2020,20:15,TEN,20,NE,13
2019_18_MIN_NO,1/5/2020,13:05,MIN,26,NO,20
2019_18_SEA_PHI,1/5/2020,16:40,SEA,17,PHI,9
2019_19_MIN_SF,1/11/2020,16:35,MIN,10,SF,27
2019_19_TEN_BAL,1/11/2020,20:15,TEN,28,BAL,12
2019_19_HOU_KC,1/12/2020,15:05,HOU,31,KC,51
2019_19_SEA_GB,1/12/2020,18:40,SEA,23,GB,28
2019_20_TEN_KC,1/19/2020,15:05,TEN,24,KC,35
2019_20_GB_SF,1/19/2020,18:40,GB,20,SF,37
2019_21_SF_KC,2/2/2020,18:30,SF,20,KC,31
2020_01_HOU_KC,9/10/2020,20:20,HOU,20,KC,34
2020_01_SEA_ATL,9/13/2020,13:00,SEA,38,ATL,25
2020_01_CLE_BAL,9/13/2020,13:00,CLE,6,BAL,38
2020_01_NYJ_BUF,9/13/2020,13:00,NYJ,17,BUF,27
2020_01_LV_CAR,9/13/2020,13:00,LV,34,CAR,30
2020_01_CHI_DET,9/13/2020,13:00,CHI,27,DET,23
2020_01_IND_JAX,9/13/2020,13:00,IND,20,JAX,27
2020_01_GB_MIN,9/13/2020,13:00,GB,43,MIN,34
2020_01_MIA_NE,9/13/2020,13:00,MIA,11,NE,21
2020_01_PHI_WAS,9/13/2020,13:00,PHI,17,WAS,27
2020_01_LAC_CIN,9/13/2020,16:05,LAC,16,CIN,13
2020_01_TB_NO,9/13/2020,16:25,TB,23,NO,34
2020_01_ARI_SF,9/13/2020,16:25,ARI,24,SF,20
2020_01_DAL_LA,9/13/2020,20:20,DAL,17,LA,20
2020_01_PIT_NYG,9/14/2020,19:15,PIT,26,NYG,16
2020_01_TEN_DEN,9/14/2020,22:10,TEN,16,DEN,14
2020_02_CIN_CLE,9/17/2020,20:20,CIN,30,CLE,35
2020_02_NYG_CHI,9/20/2020,13:00,NYG,13,CHI,17
2020_02_ATL_DAL,9/20/2020,13:00,ATL,39,DAL,40
2020_02_DET_GB,9/20/2020,13:00,DET,21,GB,42
2020_02_MIN_IND,9/20/2020,13:00,MIN,11,IND,28
2020_02_BUF_MIA,9/20/2020,13:00,BUF,31,MIA,28
2020_02_SF_NYJ,9/20/2020,13:00,SF,31,NYJ,13
2020_02_LA_PHI,9/20/2020,13:00,LA,37,PHI,19
2020_02_DEN_PIT,9/20/2020,13:00,DEN,21,PIT,26
2020_02_CAR_TB,9/20/2020,13:00,CAR,17,TB,31
2020_02_JAX_TEN,9/20/2020,13:00,JAX,30,TEN,33
2020_02_WAS_ARI,9/20/2020,16:05,WAS,15,ARI,30
2020_02_BAL_HOU,9/20/2020,16:25,BAL,33,HOU,16
2020_02_KC_LAC,9/20/2020,16:25,KC,23,LAC,20
2020_02_NE_SEA,9/20/2020,20:20,NE,30,SEA,35
2020_02_NO_LV,9/21/2020,20:15,NO,24,LV,34
2020_03_MIA_JAX,9/24/2020,20:20,MIA,31,JAX,13
2020_03_CHI_ATL,9/27/2020,13:00,CHI,30,ATL,26
2020_03_LA_BUF,9/27/2020,13:00,LA,32,BUF,35
2020_03_WAS_CLE,9/27/2020,13:00,WAS,20,CLE,34
2020_03_TEN_MIN,9/27/2020,13:00,TEN,31,MIN,30
2020_03_LV_NE,9/27/2020,13:00,LV,20,NE,36
2020_03_SF_NYG,9/27/2020,13:00,SF,36,NYG,9
2020_03_CIN_PHI,9/27/2020,13:00,CIN,23,PHI,23
2020_03_HOU_PIT,9/27/2020,13:00,HOU,21,PIT,28
2020_03_NYJ_IND,9/27/2020,16:05,NYJ,7,IND,36
2020_03_CAR_LAC,9/27/2020,16:05,CAR,21,LAC,16
2020_03_DET_ARI,9/27/2020,16:25,DET,26,ARI,23
2020_03_TB_DEN,9/27/2020,16:25,TB,28,DEN,10
2020_03_DAL_SEA,9/27/2020,16:25,DAL,31,SEA,38
2020_03_GB_NO,9/27/2020,20:20,GB,37,NO,30
2020_03_KC_BAL,9/28/2020,20:15,KC,34,BAL,20
2020_04_DEN_NYJ,10/1/2020,20:20,DEN,37,NYJ,28
2020_04_ARI_CAR,10/4/2020,13:00,ARI,21,CAR,31
2020_04_JAX_CIN,10/4/2020,13:00,JAX,25,CIN,33
2020_04_CLE_DAL,10/4/2020,13:00,CLE,49,DAL,38
2020_04_NO_DET,10/4/2020,13:00,NO,35,DET,29
2020_04_MIN_HOU,10/4/2020,13:00,MIN,31,HOU,23
2020_04_SEA_MIA,10/4/2020,13:00,SEA,31,MIA,23
2020_04_LAC_TB,10/4/2020,13:00,LAC,31,TB,38
2020_04_BAL_WAS,10/4/2020,13:00,BAL,31,WAS,17
2020_04_NYG_LA,10/4/2020,16:05,NYG,9,LA,17
2020_04_IND_CHI,10/4/2020,16:25,IND,19,CHI,11
2020_04_BUF_LV,10/4/2020,16:25,BUF,30,LV,23
2020_04_PHI_SF,10/4/2020,20:20,PHI,25,SF,20
2020_04_NE_KC,10/5/2020,19:05,NE,10,KC,26
2020_04_ATL_GB,10/5/2020,21:00,ATL,16,GB,30
2020_05_TB_CHI,10/8/2020,20:20,TB,19,CHI,20
2020_05_CAR_ATL,10/11/2020,13:00,CAR,23,ATL,16
2020_05_CIN_BAL,10/11/2020,13:00,CIN,3,BAL,27
2020_05_JAX_HOU,10/11/2020,13:00,JAX,14,HOU,30
2020_05_LV_KC,10/11/2020,13:00,LV,40,KC,32
2020_05_ARI_NYJ,10/11/2020,13:00,ARI,30,NYJ,10
2020_05_PHI_PIT,10/11/2020,13:00,PHI,29,PIT,38
2020_05_LA_WAS,10/11/2020,13:00,LA,30,WAS,10
2020_05_MIA_SF,10/11/2020,16:05,MIA,43,SF,17
2020_05_IND_CLE,10/11/2020,16:25,IND,23,CLE,32
2020_05_NYG_DAL,10/11/2020,16:25,NYG,34,DAL,37
2020_05_MIN_SEA,10/11/2020,20:20,MIN,26,SEA,27
2020_05_LAC_NO,10/12/2020,20:15,LAC,27,NO,30
2020_05_BUF_TEN,10/13/2020,19:00,BUF,16,TEN,42
2020_06_CHI_CAR,10/18/2020,13:00,CHI,23,CAR,16
2020_06_CIN_IND,10/18/2020,13:00,CIN,27,IND,31
2020_06_DET_JAX,10/18/2020,13:00,DET,34,JAX,16
2020_06_ATL_MIN,10/18/2020,13:00,ATL,40,MIN,23
2020_06_DEN_NE,10/18/2020,13:00,DEN,18,NE,12
2020_06_WAS_NYG,10/18/2020,13:00,WAS,19,NYG,20
2020_06_BAL_PHI,10/18/2020,13:00,BAL,30,PHI,28
2020_06_CLE_PIT,10/18/2020,13:00,CLE,7,PIT,38
2020_06_HOU_TEN,10/18/2020,13:00,HOU,36,TEN,42
2020_06_NYJ_MIA,10/18/2020,16:05,NYJ,0,MIA,24
2020_06_GB_TB,10/18/2020,16:25,GB,10,TB,38
2020_06_LA_SF,10/18/2020,20:20,LA,16,SF,24
2020_06_KC_BUF,10/19/2020,17:00,KC,26,BUF,17
2020_06_ARI_DAL,10/19/2020,20:15,ARI,38,DAL,10
2020_07_NYG_PHI,10/22/2020,20:20,NYG,21,PHI,22
2020_07_DET_ATL,10/25/2020,13:00,DET,23,ATL,22
2020_07_CLE_CIN,10/25/2020,13:00,CLE,37,CIN,34
2020_07_GB_HOU,10/25/2020,13:00,GB,35,HOU,20
2020_07_CAR_NO,10/25/2020,13:00,CAR,24,NO,27
2020_07_BUF_NYJ,10/25/2020,13:00,BUF,18,NYJ,10
2020_07_PIT_TEN,10/25/2020,13:00,PIT,27,TEN,24
2020_07_DAL_WAS,10/25/2020,13:00,DAL,3,WAS,25
2020_07_TB_LV,10/25/2020,16:05,TB,45,LV,20
2020_07_KC_DEN,10/25/2020,16:25,KC,43,DEN,16
2020_07_JAX_LAC,10/25/2020,16:25,JAX,29,LAC,39
2020_07_SF_NE,10/25/2020,16:25,SF,33,NE,6
2020_07_SEA_ARI,10/25/2020,20:20,SEA,34,ARI,37
2020_07_CHI_LA,10/26/2020,20:15,CHI,10,LA,24
2020_08_ATL_CAR,10/29/2020,20:20,ATL,25,CAR,17
2020_08_PIT_BAL,11/1/2020,13:00,PIT,28,BAL,24
2020_08_NE_BUF,11/1/2020,13:00,NE,21,BUF,24
2020_08_TEN_CIN,11/1/2020,13:00,TEN,20,CIN,31
2020_08_LV_CLE,11/1/2020,13:00,LV,16,CLE,6
2020_08_IND_DET,11/1/2020,13:00,IND,41,DET,21
2020_08_MIN_GB,11/1/2020,13:00,MIN,28,GB,22
2020_08_NYJ_KC,11/1/2020,13:00,NYJ,9,KC,35
2020_08_LA_MIA,11/1/2020,13:00,LA,17,MIA,28
2020_08_LAC_DEN,11/1/2020,16:05,LAC,30,DEN,31
2020_08_NO_CHI,11/1/2020,16:25,NO,26,CHI,23
2020_08_SF_SEA,11/1/2020,16:25,SF,27,SEA,37
2020_08_DAL_PHI,11/1/2020,20:20,DAL,9,PHI,23
2020_08_TB_NYG,11/2/2020,20:15,TB,25,NYG,23
2020_09_GB_SF,11/5/2020,20:20,GB,34,SF,17
2020_09_DEN_ATL,11/8/2020,13:00,DEN,27,ATL,34
2020_09_SEA_BUF,11/8/2020,13:00,SEA,34,BUF,44
2020_09_BAL_IND,11/8/2020,13:00,BAL,24,IND,10
2020_09_HOU_JAX,11/8/2020,13:00,HOU,27,JAX,25
2020_09_CAR_KC,11/8/2020,13:00,CAR,31,KC,33
2020_09_DET_MIN,11/8/2020,13:00,DET,20,MIN,34
2020_09_CHI_TEN,11/8/2020,13:00,CHI,17,TEN,24
2020_09_NYG_WAS,11/8/2020,13:00,NYG,23,WAS,20
2020_09_LV_LAC,11/8/2020,16:05,LV,31,LAC,26
2020_09_MIA_ARI,11/8/2020,16:25,MIA,34,ARI,31
2020_09_PIT_DAL,11/8/2020,16:25,PIT,24,DAL,19
2020_09_NO_TB,11/8/2020,20:20,NO,38,TB,3
2020_09_NE_NYJ,11/9/2020,20:15,NE,30,NYJ,27
2020_10_IND_TEN,11/12/2020,20:20,IND,34,TEN,17
2020_10_TB_CAR,11/15/2020,13:00,TB,46,CAR,23
2020_10_HOU_CLE,11/15/2020,13:00,HOU,7,CLE,10
2020_10_WAS_DET,11/15/2020,13:00,WAS,27,DET,30
2020_10_JAX_GB,11/15/2020,13:00,JAX,20,GB,24
2020_10_PHI_NYG,11/15/2020,13:00,PHI,17,NYG,27
2020_10_BUF_ARI,11/15/2020,16:05,BUF,30,ARI,32
2020_10_DEN_LV,11/15/2020,16:05,DEN,12,LV,37
2020_10_LAC_MIA,11/15/2020,16:05,LAC,21,MIA,29
2020_10_SEA_LA,11/15/2020,16:25,SEA,16,LA,23
2020_10_SF_NO,11/15/2020,16:25,SF,13,NO,27
2020_10_CIN_PIT,11/15/2020,16:25,CIN,10,PIT,36
2020_10_BAL_NE,11/15/2020,20:20,BAL,17,NE,23
2020_10_MIN_CHI,11/16/2020,20:15,MIN,19,CHI,13
2020_11_ARI_SEA,11/19/2020,20:20,ARI,21,SEA,28
2020_11_TEN_BAL,11/22/2020,13:00,TEN,30,BAL,24
2020_11_DET_CAR,11/22/2020,13:00,DET,0,CAR,20
2020_11_PHI_CLE,11/22/2020,13:00,PHI,17,CLE,22
2020_11_NE_HOU,11/22/2020,13:00,NE,20,HOU,27
2020_11_PIT_JAX,11/22/2020,13:00,PIT,27,JAX,3
2020_11_ATL_NO,11/22/2020,13:00,ATL,9,NO,24
2020_11_CIN_WAS,11/22/2020,13:00,CIN,9,WAS,20
2020_11_MIA_DEN,11/22/2020,16:05,MIA,13,DEN,20
2020_11_NYJ_LAC,11/22/2020,16:05,NYJ,28,LAC,34
2020_11_GB_IND,11/22/2020,16:25,GB,31,IND,34
2020_11_DAL_MIN,11/22/2020,16:25,DAL,31,MIN,28
2020_11_KC_LV,11/22/2020,20:20,KC,35,LV,31
2020_11_LA_TB,11/23/2020,20:15,LA,27,TB,24
2020_12_HOU_DET,11/26/2020,12:30,HOU,41,DET,25
2020_12_WAS_DAL,11/26/2020,16:30,WAS,41,DAL,16
2020_12_LV_ATL,11/29/2020,13:00,LV,6,ATL,43
2020_12_LAC_BUF,11/29/2020,13:00,LAC,17,BUF,27
2020_12_NYG_CIN,11/29/2020,13:00,NYG,19,CIN,17
2020_12_TEN_IND,11/29/2020,13:00,TEN,45,IND,26
2020_12_CLE_JAX,11/29/2020,13:00,CLE,27,JAX,25
2020_12_CAR_MIN,11/29/2020,13:00,CAR,27,MIN,28
2020_12_ARI_NE,11/29/2020,13:00,ARI,17,NE,20
2020_12_MIA_NYJ,11/29/2020,13:00,MIA,20,NYJ,3
2020_12_NO_DEN,11/29/2020,16:05,NO,31,DEN,3
2020_12_SF_LA,11/29/2020,16:05,SF,23,LA,20
2020_12_KC_TB,11/29/2020,16:25,KC,27,TB,24
2020_12_CHI_GB,11/29/2020,20:20,CHI,25,GB,41
2020_12_SEA_PHI,11/30/2020,20:15,SEA,23,PHI,17
2020_12_BAL_PIT,12/2/2020,15:40,BAL,14,PIT,19
2020_13_NO_ATL,12/6/2020,13:00,NO,21,ATL,16
2020_13_DET_CHI,12/6/2020,13:00,DET,34,CHI,30
2020_13_IND_HOU,12/6/2020,13:00,IND,26,HOU,20
2020_13_CIN_MIA,12/6/2020,13:00,CIN,7,MIA,19
2020_13_JAX_MIN,12/6/2020,13:00,JAX,24,MIN,27
2020_13_LV_NYJ,12/6/2020,13:00,LV,31,NYJ,28
2020_13_CLE_TEN,12/6/2020,13:00,CLE,41,TEN,35
2020_13_LA_ARI,12/6/2020,16:05,LA,38,ARI,28
2020_13_NYG_SEA,12/6/2020,16:05,NYG,17,SEA,12
2020_13_PHI_GB,12/6/2020,16:25,PHI,16,GB,30
2020_13_NE_LAC,12/6/2020,16:25,NE,45,LAC,0
2020_13_DEN_KC,12/6/2020,20:20,DEN,16,KC,22
2020_13_WAS_PIT,12/7/2020,17:00,WAS,23,PIT,17
2020_13_BUF_SF,12/7/2020,20:15,BUF,34,SF,24
2020_13_DAL_BAL,12/8/2020,20:05,DAL,17,BAL,34
2020_14_NE_LA,12/10/2020,20:20,NE,3,LA,24
2020_14_DEN_CAR,12/13/2020,13:00,DEN,32,CAR,27
2020_14_HOU_CHI,12/13/2020,13:00,HOU,7,CHI,36
2020_14_DAL_CIN,12/13/2020,13:00,DAL,30,CIN,7
2020_14_TEN_JAX,12/13/2020,13:00,TEN,31,JAX,10
2020_14_KC_MIA,12/13/2020,13:00,KC,33,MIA,27
2020_14_ARI_NYG,12/13/2020,13:00,ARI,26,NYG,7
2020_14_MIN_TB,12/13/2020,13:00,MIN,14,TB,26
2020_14_IND_LV,12/13/2020,16:05,IND,44,LV,27
2020_14_NYJ_SEA,12/13/2020,16:05,NYJ,3,SEA,40
2020_14_GB_DET,12/13/2020,16:25,GB,31,DET,24
2020_14_ATL_LAC,12/13/2020,16:25,ATL,17,LAC,20
2020_14_NO_PHI,12/13/2020,16:25,NO,21,PHI,24
2020_14_WAS_SF,12/13/2020,16:25,WAS,23,SF,15
2020_14_PIT_BUF,12/13/2020,20:20,PIT,15,BUF,26
2020_14_BAL_CLE,12/14/2020,20:15,BAL,47,CLE,42
2020_15_LAC_LV,12/17/2020,20:20,LAC,30,LV,27
2020_15_BUF_DEN,12/19/2020,16:30,BUF,48,DEN,19
2020_15_CAR_GB,12/19/2020,20:15,CAR,16,GB,24
2020_15_TB_ATL,12/20/2020,13:00,TB,31,ATL,27
2020_15_JAX_BAL,12/20/2020,13:00,JAX,14,BAL,40
2020_15_SF_DAL,12/20/2020,13:00,SF,33,DAL,41
2020_15_HOU_IND,12/20/2020,13:00,HOU,20,IND,27
2020_15_NE_MIA,12/20/2020,13:00,NE,12,MIA,22
2020_15_CHI_MIN,12/20/2020,13:00,CHI,33,MIN,27
2020_15_DET_TEN,12/20/2020,13:00,DET,25,TEN,46
2020_15_SEA_WAS,12/20/2020,13:00,SEA,20,WAS,15
2020_15_PHI_ARI,12/20/2020,16:05,PHI,26,ARI,33
2020_15_NYJ_LA,12/20/2020,16:05,NYJ,23,LA,20
2020_15_KC_NO,12/20/2020,16:25,KC,32,NO,29
2020_15_CLE_NYG,12/20/2020,20:20,CLE,20,NYG,6
2020_15_PIT_CIN,12/21/2020,20:15,PIT,17,CIN,27
2020_16_MIN_NO,12/25/2020,16:30,MIN,33,NO,52
2020_16_TB_DET,12/26/2020,13:00,TB,47,DET,7
2020_16_SF_ARI,12/26/2020,16:30,SF,20,ARI,12
2020_16_MIA_LV,12/26/2020,20:15,MIA,26,LV,25
2020_16_NYG_BAL,12/27/2020,13:00,NYG,13,BAL,27
2020_16_CIN_HOU,12/27/2020,13:00,CIN,37,HOU,31
2020_16_CHI_JAX,12/27/2020,13:00,CHI,41,JAX,17
2020_16_ATL_KC,12/27/2020,13:00,ATL,14,KC,17
2020_16_CLE_NYJ,12/27/2020,13:00,CLE,16,NYJ,23
2020_16_IND_PIT,12/27/2020,13:00,IND,24,PIT,28
2020_16_DEN_LAC,12/27/2020,16:05,DEN,16,LAC,19
2020_16_CAR_WAS,12/27/2020,16:05,CAR,20,WAS,13
2020_16_PHI_DAL,12/27/2020,16:25,PHI,17,DAL,37
2020_16_LA_SEA,12/27/2020,16:25,LA,9,SEA,20
2020_16_TEN_GB,12/27/2020,20:20,TEN,14,GB,40
2020_16_BUF_NE,12/28/2020,20:15,BUF,38,NE,9
2020_17_MIA_BUF,1/3/2021,13:00,MIA,26,BUF,56
2020_17_BAL_CIN,1/3/2021,13:00,BAL,38,CIN,3
2020_17_PIT_CLE,1/3/2021,13:00,PIT,22,CLE,24
2020_17_MIN_DET,1/3/2021,13:00,MIN,37,DET,35
2020_17_NYJ_NE,1/3/2021,13:00,NYJ,14,NE,28
2020_17_DAL_NYG,1/3/2021,13:00,DAL,19,NYG,23
2020_17_ATL_TB,1/3/2021,13:00,ATL,27,TB,44
2020_17_NO_CAR,1/3/2021,16:25,NO,33,CAR,7
2020_17_GB_CHI,1/3/2021,16:25,GB,35,CHI,16
2020_17_LV_DEN,1/3/2021,16:25,LV,32,DEN,31
2020_17_TEN_HOU,1/3/2021,16:25,TEN,41,HOU,38
2020_17_JAX_IND,1/3/2021,16:25,JAX,14,IND,28
2020_17_LAC_KC,1/3/2021,16:25,LAC,38,KC,21
2020_17_ARI_LA,1/3/2021,16:25,ARI,7,LA,18
2020_17_SEA_SF,1/3/2021,16:25,SEA,26,SF,23
2020_17_WAS_PHI,1/3/2021,20:20,WAS,20,PHI,14
2020_18_IND_BUF,1/9/2021,13:05,IND,24,BUF,27
2020_18_LA_SEA,1/9/2021,16:40,LA,30,SEA,20
2020_18_TB_WAS,1/9/2021,20:15,TB,31,WAS,23
2020_18_BAL_TEN,1/10/2021,13:05,BAL,20,TEN,13
2020_18_CHI_NO,1/10/2021,16:40,CHI,9,NO,21
2020_18_CLE_PIT,1/10/2021,20:15,CLE,48,PIT,37
2020_19_LA_GB,1/16/2021,16:35,LA,18,GB,32
2020_19_BAL_BUF,1/16/2021,20:15,BAL,3,BUF,17
2020_19_CLE_KC,1/17/2021,15:05,CLE,17,KC,22
2020_19_TB_NO,1/17/2021,18:40,TB,30,NO,20
2020_20_TB_GB,1/24/2021,15:05,TB,31,GB,26
2020_20_BUF_KC,1/24/2021,18:40,BUF,24,KC,38
2020_21_KC_TB,2/7/2021,18:30,KC,9,TB,31
2021_01_DAL_TB,9/9/2021,20:20,DAL,29,TB,31
2021_01_PHI_ATL,9/12/2021,13:00,PHI,32,ATL,6
2021_01_PIT_BUF,9/12/2021,13:00,PIT,23,BUF,16
2021_01_NYJ_CAR,9/12/2021,13:00,NYJ,14,CAR,19
2021_01_MIN_CIN,9/12/2021,13:00,MIN,24,CIN,27
2021_01_SF_DET,9/12/2021,13:00,SF,41,DET,33
2021_01_JAX_HOU,9/12/2021,13:00,JAX,21,HOU,37
2021_01_SEA_IND,9/12/2021,13:00,SEA,28,IND,16
2021_01_ARI_TEN,9/12/2021,13:00,ARI,38,TEN,13
2021_01_LAC_WAS,9/12/2021,13:00,LAC,20,WAS,16
2021_01_CLE_KC,9/12/2021,16:25,CLE,29,KC,33
2021_01_MIA_NE,9/12/2021,16:25,MIA,17,NE,16
2021_01_GB_NO,9/12/2021,16:25,GB,3,NO,38
2021_01_DEN_NYG,9/12/2021,16:25,DEN,27,NYG,13
2021_01_CHI_LA,9/12/2021,20:20,CHI,14,LA,34
2021_01_BAL_LV,9/13/2021,20:15,BAL,27,LV,33
2021_02_NYG_WAS,9/16/2021,20:20,NYG,29,WAS,30
2021_02_NO_CAR,9/19/2021,13:00,NO,7,CAR,26
2021_02_CIN_CHI,9/19/2021,13:00,CIN,17,CHI,20
2021_02_HOU_CLE,9/19/2021,13:00,HOU,21,CLE,31
2021_02_LA_IND,9/19/2021,13:00,LA,27,IND,24
2021_02_DEN_JAX,9/19/2021,13:00,DEN,23,JAX,13
2021_02_BUF_MIA,9/19/2021,13:00,BUF,35,MIA,0
2021_02_NE_NYJ,9/19/2021,13:00,NE,25,NYJ,6
2021_02_SF_PHI,9/19/2021,13:00,SF,17,PHI,11
2021_02_LV_PIT,9/19/2021,13:00,LV,26,PIT,17
2021_02_MIN_ARI,9/19/2021,16:05,MIN,33,ARI,34
2021_02_ATL_TB,9/19/2021,16:05,ATL,25,TB,48
2021_02_DAL_LAC,9/19/2021,16:25,DAL,20,LAC,17
2021_02_TEN_SEA,9/19/2021,16:25,TEN,33,SEA,30
2021_02_KC_BAL,9/19/2021,20:20,KC,35,BAL,36
2021_02_DET_GB,9/20/2021,20:15,DET,17,GB,35
2021_03_CAR_HOU,9/23/2021,20:20,CAR,24,HOU,9
2021_03_WAS_BUF,9/26/2021,13:00,WAS,21,BUF,43
2021_03_CHI_CLE,9/26/2021,13:00,CHI,6,CLE,26
2021_03_BAL_DET,9/26/2021,13:00,BAL,19,DET,17
2021_03_ARI_JAX,9/26/2021,13:00,ARI,31,JAX,19
2021_03_LAC_KC,9/26/2021,13:00,LAC,30,KC,24
2021_03_NO_NE,9/26/2021,13:00,NO,28,NE,13
2021_03_ATL_NYG,9/26/2021,13:00,ATL,17,NYG,14
2021_03_CIN_PIT,9/26/2021,13:00,CIN,24,PIT,10
2021_03_IND_TEN,9/26/2021,13:00,IND,16,TEN,25
2021_03_NYJ_DEN,9/26/2021,16:05,NYJ,0,DEN,26
2021_03_MIA_LV,9/26/2021,16:05,MIA,28,LV,31
2021_03_TB_LA,9/26/2021,16:25,TB,24,LA,34
2021_03_SEA_MIN,9/26/2021,16:25,SEA,17,MIN,30
2021_03_GB_SF,9/26/2021,20:20,GB,30,SF,28
2021_03_PHI_DAL,9/27/2021,20:15,PHI,21,DAL,41
2021_04_JAX_CIN,9/30/2021,20:20,JAX,21,CIN,24
2021_04_WAS_ATL,10/3/2021,13:00,WAS,34,ATL,30
2021_04_HOU_BUF,10/3/2021,13:00,HOU,0,BUF,40
2021_04_DET_CHI,10/3/2021,13:00,DET,14,CHI,24
2021_04_CAR_DAL,10/3/2021,13:00,CAR,28,DAL,36
2021_04_IND_MIA,10/3/2021,13:00,IND,27,MIA,17
2021_04_CLE_MIN,10/3/2021,13:00,CLE,14,MIN,7
2021_04_NYG_NO,10/3/2021,13:00,NYG,27,NO,21
2021_04_TEN_NYJ,10/3/2021,13:00,TEN,24,NYJ,27
2021_04_KC_PHI,10/3/2021,13:00,KC,42,PHI,30
2021_04_ARI_LA,10/3/2021,16:05,ARI,37,LA,20
2021_04_SEA_SF,10/3/2021,16:05,SEA,28,SF,21
2021_04_BAL_DEN,10/3/2021,16:25,BAL,23,DEN,7
2021_04_PIT_GB,10/3/2021,16:25,PIT,17,GB,27
2021_04_TB_NE,10/3/2021,20:20,TB,19,NE,17
2021_04_LV_LAC,10/4/2021,20:15,LV,14,LAC,28
2021_05_LA_SEA,10/7/2021,20:20,LA,26,SEA,17
2021_05_NYJ_ATL,10/10/2021,9:30,NYJ,20,ATL,27
2021_05_PHI_CAR,10/10/2021,13:00,PHI,21,CAR,18
2021_05_GB_CIN,10/10/2021,13:00,GB,25,CIN,22
2021_05_NE_HOU,10/10/2021,13:00,NE,25,HOU,22
2021_05_TEN_JAX,10/10/2021,13:00,TEN,37,JAX,19
2021_05_DET_MIN,10/10/2021,13:00,DET,17,MIN,19
2021_05_DEN_PIT,10/10/2021,13:00,DEN,19,PIT,27
2021_05_MIA_TB,10/10/2021,13:00,MIA,17,TB,45
2021_05_NO_WAS,10/10/2021,13:00,NO,33,WAS,22
2021_05_CLE_LAC,10/10/2021,16:05,CLE,42,LAC,47
2021_05_CHI_LV,10/10/2021,16:05,CHI,20,LV,9
2021_05_SF_ARI,10/10/2021,16:25,SF,10,ARI,17
2021_05_NYG_DAL,10/10/2021,16:25,NYG,20,DAL,44
2021_05_BUF_KC,10/10/2021,20:20,BUF,38,KC,20
2021_05_IND_BAL,10/11/2021,20:15,IND,25,BAL,31
2021_06_TB_PHI,10/14/2021,20:20,TB,28,PHI,22
2021_06_MIA_JAX,10/17/2021,9:30,MIA,20,JAX,23
2021_06_LAC_BAL,10/17/2021,13:00,LAC,6,BAL,34
2021_06_MIN_CAR,10/17/2021,13:00,MIN,34,CAR,28
2021_06_GB_CHI,10/17/2021,13:00,GB,24,CHI,14
2021_06_CIN_DET,10/17/2021,13:00,CIN,34,DET,11
2021_06_HOU_IND,10/17/2021,13:00,HOU,3,IND,31
2021_06_LA_NYG,10/17/2021,13:00,LA,38,NYG,11
2021_06_KC_WAS,10/17/2021,13:00,KC,31,WAS,13
2021_06_ARI_CLE,10/17/2021,16:05,ARI,37,CLE,14
2021_06_LV_DEN,10/17/2021,16:25,LV,34,DEN,24
2021_06_DAL_NE,10/17/2021,16:25,DAL,35,NE,29
2021_06_SEA_PIT,10/17/2021,20:20,SEA,20,PIT,23
2021_06_BUF_TEN,10/18/2021,20:15,BUF,31,TEN,34
2021_07_DEN_CLE,10/21/2021,20:20,DEN,14,CLE,17
2021_07_CIN_BAL,10/24/2021,13:00,CIN,41,BAL,17
2021_07_WAS_GB,10/24/2021,13:00,WAS,10,GB,24
2021_07_ATL_MIA,10/24/2021,13:00,ATL,30,MIA,28
2021_07_NYJ_NE,10/24/2021,13:00,NYJ,13,NE,54
2021_07_CAR_NYG,10/24/2021,13:00,CAR,3,NYG,25
2021_07_KC_TEN,10/24/2021,13:00,KC,3,TEN,27
2021_07_DET_LA,10/24/2021,16:05,DET,19,LA,28
2021_07_PHI_LV,10/24/2021,16:05,PHI,22,LV,33
2021_07_HOU_ARI,10/24/2021,16:25,HOU,5,ARI,31
2021_07_CHI_TB,10/24/2021,16:25,CHI,3,TB,38
2021_07_IND_SF,10/24/2021,20:20,IND,30,SF,18
2021_07_NO_SEA,10/25/2021,20:15,NO,13,SEA,10
2021_08_GB_ARI,10/28/2021,20:20,GB,24,ARI,21
2021_08_CAR_ATL,10/31/2021,13:00,CAR,19,ATL,13
2021_08_MIA_BUF,10/31/2021,13:00,MIA,11,BUF,26
2021_08_SF_CHI,10/31/2021,13:00,SF,33,CHI,22
2021_08_PIT_CLE,10/31/2021,13:00,PIT,15,CLE,10
2021_08_PHI_DET,10/31/2021,13:00,PHI,44,DET,6
2021_08_LA_HOU,10/31/2021,13:00,LA,38,HOU,22
2021_08_TEN_IND,10/31/2021,13:00,TEN,34,IND,31
2021_08_CIN_NYJ,10/31/2021,13:00,CIN,31,NYJ,34
2021_08_NE_LAC,10/31/2021,16:05,NE,27,LAC,24
2021_08_JAX_SEA,10/31/2021,16:05,JAX,7,SEA,31
2021_08_WAS_DEN,10/31/2021,16:25,WAS,10,DEN,17
2021_08_TB_NO,10/31/2021,16:25,TB,27,NO,36
2021_08_DAL_MIN,10/31/2021,20:20,DAL,20,MIN,16
2021_08_NYG_KC,11/1/2021,20:15,NYG,17,KC,20
2021_09_NYJ_IND,11/4/2021,20:20,NYJ,30,IND,45
2021_09_MIN_BAL,11/7/2021,13:00,MIN,31,BAL,34
2021_09_NE_CAR,11/7/2021,13:00,NE,24,CAR,6
2021_09_CLE_CIN,11/7/2021,13:00,CLE,41,CIN,16
2021_09_DEN_DAL,11/7/2021,13:00,DEN,30,DAL,16
2021_09_BUF_JAX,11/7/2021,13:00,BUF,6,JAX,9
2021_09_HOU_MIA,11/7/2021,13:00,HOU,9,MIA,17
2021_09_ATL_NO,11/7/2021,13:00,ATL,27,NO,25
2021_09_LV_NYG,11/7/2021,13:00,LV,16,NYG,23
2021_09_LAC_PHI,11/7/2021,16:05,LAC,27,PHI,24
2021_09_GB_KC,11/7/2021,16:25,GB,7,KC,13
2021_09_ARI_SF,11/7/2021,16:25,ARI,31,SF,17
2021_09_TEN_LA,11/7/2021,20:20,TEN,28,LA,16
2021_09_CHI_PIT,11/8/2021,20:15,CHI,27,PIT,29
2021_10_BAL_MIA,11/11/2021,20:20,BAL,10,MIA,22
2021_10_ATL_DAL,11/14/2021,13:00,ATL,3,DAL,43
2021_10_JAX_IND,11/14/2021,13:00,JAX,17,IND,23
2021_10_CLE_NE,11/14/2021,13:00,CLE,7,NE,45
2021_10_BUF_NYJ,11/14/2021,13:00,BUF,45,NYJ,17
2021_10_DET_PIT,11/14/2021,13:00,DET,16,PIT,16
2021_10_NO_TEN,11/14/2021,13:00,NO,21,TEN,23
2021_10_TB_WAS,11/14/2021,13:00,TB,19,WAS,29
2021_10_CAR_ARI,11/14/2021,16:05,CAR,34,ARI,10
2021_10_MIN_LAC,11/14/2021,16:05,MIN,27,LAC,20
2021_10_PHI_DEN,11/14/2021,16:25,PHI,30,DEN,13
2021_10_SEA_GB,11/14/2021,16:25,SEA,0,GB,17
2021_10_KC_LV,11/14/2021,20:20,KC,41,LV,14
2021_10_LA_SF,11/15/2021,20:15,LA,10,SF,31
2021_11_NE_ATL,11/18/2021,20:20,NE,25,ATL,0
2021_11_IND_BUF,11/21/2021,13:00,IND,41,BUF,15
2021_11_WAS_CAR,11/21/2021,13:00,WAS,27,CAR,21
2021_11_BAL_CHI,11/21/2021,13:00,BAL,16,CHI,13
2021_11_DET_CLE,11/21/2021,13:00,DET,10,CLE,13
2021_11_SF_JAX,11/21/2021,13:00,SF,30,JAX,10
2021_11_GB_MIN,11/21/2021,13:00,GB,31,MIN,34
2021_11_MIA_NYJ,11/21/2021,13:00,MIA,24,NYJ,17
2021_11_NO_PHI,11/21/2021,13:00,NO,29,PHI,40
2021_11_HOU_TEN,11/21/2021,13:00,HOU,22,TEN,13
2021_11_CIN_LV,11/21/2021,16:05,CIN,32,LV,13
2021_11_DAL_KC,11/21/2021,16:25,DAL,9,KC,19
2021_11_ARI_SEA,11/21/2021,16:25,ARI,23,SEA,13
2021_11_PIT_LAC,11/21/2021,20:20,PIT,37,LAC,41
2021_11_NYG_TB,11/22/2021,20:15,NYG,10,TB,30
2021_12_CHI_DET,11/25/2021,12:30,CHI,16,DET,14
2021_12_LV_DAL,11/25/2021,16:30,LV,36,DAL,33
2021_12_BUF_NO,11/25/2021,20:20,BUF,31,NO,6
2021_12_PIT_CIN,11/28/2021,13:00,PIT,10,CIN,41
2021_12_NYJ_HOU,11/28/2021,13:00,NYJ,21,HOU,14
2021_12_TB_IND,11/28/2021,13:00,TB,38,IND,31
2021_12_ATL_JAX,11/28/2021,13:00,ATL,21,JAX,14
2021_12_CAR_MIA,11/28/2021,13:00,CAR,10,MIA,33
2021_12_TEN_NE,11/28/2021,13:00,TEN,13,NE,36
2021_12_PHI_NYG,11/28/2021,13:00,PHI,7,NYG,13
2021_12_LAC_DEN,11/28/2021,16:05,LAC,13,DEN,28
2021_12_LA_GB,11/28/2021,16:25,LA,28,GB,36
2021_12_MIN_SF,11/28/2021,16:25,MIN,26,SF,34
2021_12_CLE_BAL,11/28/2021,20:20,CLE,10,BAL,16
2021_12_SEA_WAS,11/29/2021,20:15,SEA,15,WAS,17
2021_13_DAL_NO,12/2/2021,20:20,DAL,27,NO,17
2021_13_TB_ATL,12/5/2021,13:00,TB,30,ATL,17
2021_13_ARI_CHI,12/5/2021,13:00,ARI,33,CHI,22
2021_13_LAC_CIN,12/5/2021,13:00,LAC,41,CIN,22
2021_13_MIN_DET,12/5/2021,13:00,MIN,27,DET,29
2021_13_IND_HOU,12/5/2021,13:00,IND,31,HOU,0
2021_13_NYG_MIA,12/5/2021,13:00,NYG,9,MIA,20
2021_13_PHI_NYJ,12/5/2021,13:00,PHI,33,NYJ,18
2021_13_JAX_LA,12/5/2021,16:05,JAX,7,LA,37
2021_13_WAS_LV,12/5/2021,16:05,WAS,17,LV,15
2021_13_BAL_PIT,12/5/2021,16:25,BAL,19,PIT,20
2021_13_SF_SEA,12/5/2021,16:25,SF,23,SEA,30
2021_13_DEN_KC,12/5/2021,20:20,DEN,9,KC,22
2021_13_NE_BUF,12/6/2021,20:15,NE,14,BUF,10
2021_14_PIT_MIN,12/9/2021,20:20,PIT,28,MIN,36
2021_14_ATL_CAR,12/12/2021,13:00,ATL,29,CAR,21
2021_14_BAL_CLE,12/12/2021,13:00,BAL,22,CLE,24
2021_14_SEA_HOU,12/12/2021,13:00,SEA,33,HOU,13
2021_14_LV_KC,12/12/2021,13:00,LV,9,KC,48
2021_14_NO_NYJ,12/12/2021,13:00,NO,30,NYJ,9
2021_14_JAX_TEN,12/12/2021,13:00,JAX,0,TEN,20
2021_14_DAL_WAS,12/12/2021,13:00,DAL,27,WAS,20
2021_14_DET_DEN,12/12/2021,16:05,DET,10,DEN,38
2021_14_NYG_LAC,12/12/2021,16:05,NYG,21,LAC,37
2021_14_SF_CIN,12/12/2021,16:25,SF,26,CIN,23
2021_14_BUF_TB,12/12/2021,16:25,BUF,27,TB,33
2021_14_CHI_GB,12/12/2021,20:20,CHI,30,GB,45
2021_14_LA_ARI,12/13/2021,20:15,LA,30,ARI,23
2021_15_KC_LAC,12/16/2021,20:20,KC,34,LAC,28
2021_15_NE_IND,12/18/2021,20:20,NE,17,IND,27
2021_15_CAR_BUF,12/19/2021,13:00,CAR,14,BUF,31
2021_15_ARI_DET,12/19/2021,13:00,ARI,12,DET,30
2021_15_HOU_JAX,12/19/2021,13:00,HOU,30,JAX,16
2021_15_NYJ_MIA,12/19/2021,13:00,NYJ,24,MIA,31
2021_15_DAL_NYG,12/19/2021,13:00,DAL,21,NYG,6
2021_15_TEN_PIT,12/19/2021,13:00,TEN,13,PIT,19
2021_15_CIN_DEN,12/19/2021,16:05,CIN,15,DEN,10
2021_15_ATL_SF,12/19/2021,16:05,ATL,13,SF,31
2021_15_GB_BAL,12/19/2021,16:25,GB,31,BAL,30
2021_15_NO_TB,12/19/2021,20:20,NO,9,TB,0
2021_15_LV_CLE,12/20/2021,17:00,LV,16,CLE,14
2021_15_MIN_CHI,12/20/2021,20:15,MIN,17,CHI,9
2021_15_SEA_LA,12/21/2021,19:00,SEA,10,LA,20
2021_15_WAS_PHI,12/21/2021,19:00,WAS,17,PHI,27
2021_16_SF_TEN,12/23/2021,20:20,SF,17,TEN,20
2021_16_CLE_GB,12/25/2021,16:30,CLE,22,GB,24
2021_16_IND_ARI,12/25/2021,20:15,IND,22,ARI,16
2021_16_DET_ATL,12/26/2021,13:00,DET,16,ATL,20
2021_16_TB_CAR,12/26/2021,13:00,TB,32,CAR,6
2021_16_BAL_CIN,12/26/2021,13:00,BAL,21,CIN,41
2021_16_LAC_HOU,12/26/2021,13:00,LAC,29,HOU,41
2021_16_LA_MIN,12/26/2021,13:00,LA,30,MIN,23
2021_16_BUF_NE,12/26/2021,13:00,BUF,33,NE,21
2021_16_JAX_NYJ,12/26/2021,13:00,JAX,21,NYJ,26
2021_16_NYG_PHI,12/26/2021,13:00,NYG,10,PHI,34
2021_16_CHI_SEA,12/26/2021,16:05,CHI,25,SEA,24
2021_16_PIT_KC,12/26/2021,16:25,PIT,10,KC,36
2021_16_DEN_LV,12/26/2021,16:25,DEN,13,LV,17
2021_16_WAS_DAL,12/26/2021,20:20,WAS,14,DAL,56
2021_16_MIA_NO,12/27/2021,20:15,MIA,20,NO,3
2021_17_LA_BAL,1/2/2022,13:00,LA,20,BAL,19
2021_17_ATL_BUF,1/2/2022,13:00,ATL,15,BUF,29
2021_17_NYG_CHI,1/2/2022,13:00,NYG,3,CHI,29
2021_17_KC_CIN,1/2/2022,13:00,KC,31,CIN,34
2021_17_LV_IND,1/2/2022,13:00,LV,23,IND,20
2021_17_JAX_NE,1/2/2022,13:00,JAX,10,NE,50
2021_17_TB_NYJ,1/2/2022,13:00,TB,28,NYJ,24
2021_17_MIA_TEN,1/2/2022,13:00,MIA,3,TEN,34
2021_17_PHI_WAS,1/2/2022,13:00,PHI,20,WAS,16
2021_17_DEN_LAC,1/2/2022,16:05,DEN,13,LAC,34
2021_17_HOU_SF,1/2/2022,16:05,HOU,7,SF,23
2021_17_ARI_DAL,1/2/2022,16:25,ARI,25,DAL,22
2021_17_CAR_NO,1/2/2022,16:25,CAR,10,NO,18
2021_17_DET_SEA,1/2/2022,16:25,DET,29,SEA,51
2021_17_MIN_GB,1/2/2022,20:20,MIN,10,GB,37
2021_17_CLE_PIT,1/3/2022,20:15,CLE,14,PIT,26
2021_18_KC_DEN,1/8/2022,16:30,KC,28,DEN,24
2021_18_DAL_PHI,1/8/2022,20:15,DAL,51,PHI,26
2021_18_PIT_BAL,1/9/2022,13:00,PIT,16,BAL,13
2021_18_CIN_CLE,1/9/2022,13:00,CIN,16,CLE,21
2021_18_GB_DET,1/9/2022,13:00,GB,30,DET,37
2021_18_TEN_HOU,1/9/2022,13:00,TEN,28,HOU,25
2021_18_IND_JAX,1/9/2022,13:00,IND,11,JAX,26
2021_18_CHI_MIN,1/9/2022,13:00,CHI,17,MIN,31
2021_18_WAS_NYG,1/9/2022,13:00,WAS,22,NYG,7
2021_18_SEA_ARI,1/9/2022,16:25,SEA,38,ARI,30
2021_18_NO_ATL,1/9/2022,16:25,NO,30,ATL,20
2021_18_NYJ_BUF,1/9/2022,16:25,NYJ,10,BUF,27
2021_18_SF_LA,1/9/2022,16:25,SF,27,LA,24
2021_18_NE_MIA,1/9/2022,16:25,NE,24,MIA,33
2021_18_CAR_TB,1/9/2022,16:25,CAR,17,TB,41
2021_18_LAC_LV,1/9/2022,20:20,LAC,32,LV,35
2021_19_LV_CIN,1/15/2022,16:30,LV,19,CIN,26
2021_19_NE_BUF,1/15/2022,20:15,NE,17,BUF,47
2021_19_PHI_TB,1/16/2022,13:00,PHI,15,TB,31
2021_19_SF_DAL,1/16/2022,16:30,SF,23,DAL,17
2021_19_PIT_KC,1/16/2022,20:15,PIT,21,KC,42
2021_19_ARI_LA,1/17/2022,20:15,ARI,11,LA,34
2021_20_CIN_TEN,1/22/2022,16:30,CIN,19,TEN,16
2021_20_SF_GB,1/22/2022,20:15,SF,13,GB,10
2021_20_LA_TB,1/23/2022,15:00,LA,30,TB,27
2021_20_BUF_KC,1/23/2022,18:30,BUF,36,KC,42
2021_21_CIN_KC,1/30/2022,15:00,CIN,27,KC,24
2021_21_SF_LA,1/30/2022,18:30,SF,17,LA,20
2021_22_LA_CIN,2/13/2022,18:30,LA,23,CIN,20
2022_01_BUF_LA,9/8/2022,20:20,BUF,31,LA,10
2022_01_NO_ATL,9/11/2022,13:00,NO,27,ATL,26
2022_01_CLE_CAR,9/11/2022,13:00,CLE,26,CAR,24
2022_01_SF_CHI,9/11/2022,13:00,SF,10,CHI,19
2022_01_PIT_CIN,9/11/2022,13:00,PIT,23,CIN,20
2022_01_PHI_DET,9/11/2022,13:00,PHI,38,DET,35
2022_01_IND_HOU,9/11/2022,13:00,IND,20,HOU,20
2022_01_NE_MIA,9/11/2022,13:00,NE,7,MIA,20
2022_01_BAL_NYJ,9/11/2022,13:00,BAL,24,NYJ,9
2022_01_JAX_WAS,9/11/2022,13:00,JAX,22,WAS,28
2022_01_KC_ARI,9/11/2022,16:25,KC,44,ARI,21
2022_01_LV_LAC,9/11/2022,16:25,LV,19,LAC,24
2022_01_GB_MIN,9/11/2022,16:25,GB,7,MIN,23
2022_01_NYG_TEN,9/11/2022,16:25,NYG,21,TEN,20
2022_01_TB_DAL,9/11/2022,20:20,TB,19,DAL,3
2022_01_DEN_SEA,9/12/2022,20:15,DEN,16,SEA,17
2022_02_LAC_KC,9/15/2022,20:15,LAC,24,KC,27
2022_02_MIA_BAL,9/18/2022,13:00,MIA,42,BAL,38
2022_02_NYJ_CLE,9/18/2022,13:00,NYJ,31,CLE,30
2022_02_WAS_DET,9/18/2022,13:00,WAS,27,DET,36
2022_02_IND_JAX,9/18/2022,13:00,IND,0,JAX,24
2022_02_TB_NO,9/18/2022,13:00,TB,20,NO,10
2022_02_CAR_NYG,9/18/2022,13:00,CAR,16,NYG,19
2022_02_NE_PIT,9/18/2022,13:00,NE,17,PIT,14
2022_02_ATL_LA,9/18/2022,16:05,ATL,27,LA,31
2022_02_SEA_SF,9/18/2022,16:05,SEA,7,SF,27
2022_02_CIN_DAL,9/18/2022,16:25,CIN,17,DAL,20
2022_02_HOU_DEN,9/18/2022,16:25,HOU,9,DEN,16
2022_02_ARI_LV,9/18/2022,16:25,ARI,29,LV,23
2022_02_CHI_GB,9/18/2022,20:20,CHI,10,GB,27
2022_02_TEN_BUF,9/19/2022,19:15,TEN,7,BUF,41
2022_02_MIN_PHI,9/19/2022,20:30,MIN,7,PHI,24
2022_03_PIT_CLE,9/22/2022,20:15,PIT,17,CLE,29
2022_03_NO_CAR,9/25/2022,13:00,NO,14,CAR,22
2022_03_HOU_CHI,9/25/2022,13:00,HOU,20,CHI,23
2022_03_KC_IND,9/25/2022,13:00,KC,17,IND,20
2022_03_BUF_MIA,9/25/2022,13:00,BUF,19,MIA,21
2022_03_DET_MIN,9/25/2022,13:00,DET,24,MIN,28
2022_03_BAL_NE,9/25/2022,13:00,BAL,37,NE,26
2022_03_CIN_NYJ,9/25/2022,13:00,CIN,27,NYJ,12
2022_03_LV_TEN,9/25/2022,13:00,LV,22,TEN,24
2022_03_PHI_WAS,9/25/2022,13:00,PHI,24,WAS,8
2022_03_JAX_LAC,9/25/2022,16:05,JAX,38,LAC,10
2022_03_LA_ARI,9/25/2022,16:25,LA,20,ARI,12
2022_03_ATL_SEA,9/25/2022,16:25,ATL,27,SEA,23
2022_03_GB_TB,9/25/2022,16:25,GB,14,TB,12
2022_03_SF_DEN,9/25/2022,20:20,SF,10,DEN,11
2022_03_DAL_NYG,9/26/2022,20:15,DAL,23,NYG,16
2022_04_MIA_CIN,9/29/2022,20:15,MIA,15,CIN,27
2022_04_MIN_NO,10/2/2022,9:30,MIN,28,NO,25
2022_04_CLE_ATL,10/2/2022,13:00,CLE,20,ATL,23
2022_04_BUF_BAL,10/2/2022,13:00,BUF,23,BAL,20
2022_04_WAS_DAL,10/2/2022,13:00,WAS,10,DAL,25
2022_04_SEA_DET,10/2/2022,13:00,SEA,48,DET,45
2022_04_LAC_HOU,10/2/2022,13:00,LAC,34,HOU,24
2022_04_TEN_IND,10/2/2022,13:00,TEN,24,IND,17
2022_04_CHI_NYG,10/2/2022,13:00,CHI,12,NYG,20
2022_04_JAX_PHI,10/2/2022,13:00,JAX,21,PHI,29
2022_04_NYJ_PIT,10/2/2022,13:00,NYJ,24,PIT,20
2022_04_ARI_CAR,10/2/2022,16:05,ARI,26,CAR,16
2022_04_NE_GB,10/2/2022,16:25,NE,24,GB,27
2022_04_DEN_LV,10/2/2022,16:25,DEN,23,LV,32
2022_04_KC_TB,10/2/2022,20:20,KC,41,TB,31
2022_04_LA_SF,10/3/2022,20:15,LA,9,SF,24
2022_05_IND_DEN,10/6/2022,20:15,IND,12,DEN,9
2022_05_NYG_GB,10/9/2022,9:30,NYG,27,GB,22
2022_05_PIT_BUF,10/9/2022,13:00,PIT,3,BUF,38
2022_05_LAC_CLE,10/9/2022,13:00,LAC,30,CLE,28
2022_05_HOU_JAX,10/9/2022,13:00,HOU,13,JAX,6
2022_05_CHI_MIN,10/9/2022,13:00,CHI,22,MIN,29
2022_05_DET_NE,10/9/2022,13:00,DET,0,NE,29
2022_05_SEA_NO,10/9/2022,13:00,SEA,32,NO,39
2022_05_MIA_NYJ,10/9/2022,13:00,MIA,17,NYJ,40
2022_05_ATL_TB,10/9/2022,13:00,ATL,15,TB,21
2022_05_TEN_WAS,10/9/2022,13:00,TEN,21,WAS,17
2022_05_SF_CAR,10/9/2022,16:05,SF,37,CAR,15
2022_05_PHI_ARI,10/9/2022,16:25,PHI,20,ARI,17
2022_05_DAL_LA,10/9/2022,16:25,DAL,22,LA,10
2022_05_CIN_BAL,10/9/2022,20:20,CIN,17,BAL,19
2022_05_LV_KC,10/10/2022,20:15,LV,29,KC,30
2022_06_WAS_CHI,10/13/2022,20:15,WAS,12,CHI,7
2022_06_SF_ATL,10/16/2022,13:00,SF,14,ATL,28
2022_06_NE_CLE,10/16/2022,13:00,NE,38,CLE,15
2022_06_NYJ_GB,10/16/2022,13:00,NYJ,27,GB,10
2022_06_JAX_IND,10/16/2022,13:00,JAX,27,IND,34
2022_06_MIN_MIA,10/16/2022,13:00,MIN,24,MIA,16
2022_06_CIN_NO,10/16/2022,13:00,CIN,30,NO,26
2022_06_BAL_NYG,10/16/2022,13:00,BAL,20,NYG,24
2022_06_TB_PIT,10/16/2022,13:00,TB,18,PIT,20
2022_06_CAR_LA,10/16/2022,16:05,CAR,10,LA,24
2022_06_ARI_SEA,10/16/2022,16:05,ARI,9,SEA,19
2022_06_BUF_KC,10/16/2022,16:25,BUF,24,KC,20
2022_06_DAL_PHI,10/16/2022,20:20,DAL,17,PHI,26
2022_06_DEN_LAC,10/17/2022,20:15,DEN,16,LAC,19
2022_07_NO_ARI,10/20/2022,20:15,NO,34,ARI,42
2022_07_CLE_BAL,10/23/2022,13:00,CLE,20,BAL,23
2022_07_TB_CAR,10/23/2022,13:00,TB,3,CAR,21
2022_07_ATL_CIN,10/23/2022,13:00,ATL,17,CIN,35
2022_07_DET_DAL,10/23/2022,13:00,DET,6,DAL,24
2022_07_NYG_JAX,10/23/2022,13:00,NYG,23,JAX,17
2022_07_IND_TEN,10/23/2022,13:00,IND,10,TEN,19
2022_07_GB_WAS,10/23/2022,13:00,GB,21,WAS,23
2022_07_NYJ_DEN,10/23/2022,16:05,NYJ,16,DEN,9
2022_07_HOU_LV,10/23/2022,16:05,HOU,20,LV,38
2022_07_SEA_LAC,10/23/2022,16:25,SEA,37,LAC,23
2022_07_KC_SF,10/23/2022,16:25,KC,44,SF,23
2022_07_PIT_MIA,10/23/2022,20:20,PIT,10,MIA,16
2022_07_CHI_NE,10/24/2022,20:15,CHI,33,NE,14
2022_08_BAL_TB,10/27/2022,20:15,BAL,27,TB,22
2022_08_DEN_JAX,10/30/2022,9:30,DEN,21,JAX,17
2022_08_CAR_ATL,10/30/2022,13:00,CAR,34,ATL,37
2022_08_CHI_DAL,10/30/2022,13:00,CHI,29,DAL,49
2022_08_MIA_DET,10/30/2022,13:00,MIA,31,DET,27
2022_08_ARI_MIN,10/30/2022,13:00,ARI,26,MIN,34
2022_08_LV_NO,10/30/2022,13:00,LV,0,NO,24
2022_08_NE_NYJ,10/30/2022,13:00,NE,22,NYJ,17
2022_08_PIT_PHI,10/30/2022,13:00,PIT,13,PHI,35
2022_08_TEN_HOU,10/30/2022,16:05,TEN,17,HOU,10
2022_08_WAS_IND,10/30/2022,16:25,WAS,17,IND,16
2022_08_SF_LA,10/30/2022,16:25,SF,31,LA,14
2022_08_NYG_SEA,10/30/2022,16:25,NYG,13,SEA,27
2022_08_GB_BUF,10/30/2022,20:20,GB,17,BUF,27
2022_08_CIN_CLE,10/31/2022,20:15,CIN,13,CLE,32
2022_09_PHI_HOU,11/3/2022,20:15,PHI,29,HOU,17
2022_09_LAC_ATL,11/6/2022,13:00,LAC,20,ATL,17
2022_09_MIA_CHI,11/6/2022,13:00,MIA,35,CHI,32
2022_09_CAR_CIN,11/6/2022,13:00,CAR,21,CIN,42
2022_09_GB_DET,11/6/2022,13:00,GB,9,DET,15
2022_09_LV_JAX,11/6/2022,13:00,LV,20,JAX,27
2022_09_IND_NE,11/6/2022,13:00,IND,3,NE,26
2022_09_BUF_NYJ,11/6/2022,13:00,BUF,17,NYJ,20
2022_09_MIN_WAS,11/6/2022,13:00,MIN,20,WAS,17
2022_09_SEA_ARI,11/6/2022,16:05,SEA,31,ARI,21
2022_09_LA_TB,11/6/2022,16:25,LA,13,TB,16
2022_09_TEN_KC,11/6/2022,20:20,TEN,17,KC,20
2022_09_BAL_NO,11/7/2022,20:15,BAL,27,NO,13
2022_10_ATL_CAR,11/10/2022,20:15,ATL,15,CAR,25
2022_10_SEA_TB,11/13/2022,9:30,SEA,16,TB,21
2022_10_MIN_BUF,11/13/2022,13:00,MIN,33,BUF,30
2022_10_DET_CHI,11/13/2022,13:00,DET,31,CHI,30
2022_10_JAX_KC,11/13/2022,13:00,JAX,17,KC,27
2022_10_CLE_MIA,11/13/2022,13:00,CLE,17,MIA,39
2022_10_HOU_NYG,11/13/2022,13:00,HOU,16,NYG,24
2022_10_NO_PIT,11/13/2022,13:00,NO,10,PIT,20
2022_10_DEN_TEN,11/13/2022,13:00,DEN,10,TEN,17
2022_10_IND_LV,11/13/2022,16:05,IND,25,LV,20
2022_10_DAL_GB,11/13/2022,16:25,DAL,28,GB,31
2022_10_ARI_LA,11/13/2022,16:25,ARI,27,LA,17
2022_10_LAC_SF,11/13/2022,20:20,LAC,16,SF,22
2022_10_WAS_PHI,11/14/2022,20:15,WAS,32,PHI,21
2022_11_TEN_GB,11/17/2022,20:15,TEN,,GB,
2022_11_CHI_ATL,11/20/2022,13:00,CHI,,ATL,
2022_11_CAR_BAL,11/20/2022,13:00,CAR,,BAL,
2022_11_CLE_BUF,11/20/2022,13:00,CLE,,BUF,
2022_11_WAS_HOU,11/20/2022,13:00,WAS,,HOU,
2022_11_PHI_IND,11/20/2022,13:00,PHI,,IND,
2022_11_NYJ_NE,11/20/2022,13:00,NYJ,,NE,
2022_11_LA_NO,11/20/2022,13:00,LA,,NO,
2022_11_DET_NYG,11/20/2022,13:00,DET,,NYG,
2022_11_LV_DEN,11/20/2022,16:05,LV,,DEN,
2022_11_DAL_MIN,11/20/2022,16:25,DAL,,MIN,
2022_11_CIN_PIT,11/20/2022,16:25,CIN,,PIT,
2022_11_KC_LAC,11/20/2022,20:20,KC,,LAC,
2022_11_SF_ARI,11/21/2022,20:15,SF,,ARI,
2022_12_BUF_DET,11/24/2022,12:30,BUF,,DET,
2022_12_NYG_DAL,11/24/2022,16:30,NYG,,DAL,
2022_12_NE_MIN,11/24/2022,20:20,NE,,MIN,
2022_12_DEN_CAR,11/27/2022,13:00,DEN,,CAR,
2022_12_TB_CLE,11/27/2022,13:00,TB,,CLE,
2022_12_BAL_JAX,11/27/2022,13:00,BAL,,JAX,
2022_12_HOU_MIA,11/27/2022,13:00,HOU,,MIA,
2022_12_CHI_NYJ,11/27/2022,13:00,CHI,,NYJ,
2022_12_CIN_TEN,11/27/2022,13:00,CIN,,TEN,
2022_12_ATL_WAS,11/27/2022,13:00,ATL,,WAS,
2022_12_LAC_ARI,11/27/2022,16:05,LAC,,ARI,
2022_12_LV_SEA,11/27/2022,16:05,LV,,SEA,
2022_12_LA_KC,11/27/2022,16:25,LA,,KC,
2022_12_NO_SF,11/27/2022,16:25,NO,,SF,
2022_12_GB_PHI,11/27/2022,20:20,GB,,PHI,
2022_12_PIT_IND,11/28/2022,20:15,PIT,,IND,
2022_13_BUF_NE,12/1/2022,20:15,BUF,,NE,
2022_13_PIT_ATL,12/4/2022,13:00,PIT,,ATL,
2022_13_DEN_BAL,12/4/2022,13:00,DEN,,BAL,
2022_13_GB_CHI,12/4/2022,13:00,GB,,CHI,
2022_13_JAX_DET,12/4/2022,13:00,JAX,,DET,
2022_13_CLE_HOU,12/4/2022,13:00,CLE,,HOU,
2022_13_NYJ_MIN,12/4/2022,13:00,NYJ,,MIN,
2022_13_WAS_NYG,12/4/2022,13:00,WAS,,NYG,
2022_13_TEN_PHI,12/4/2022,13:00,TEN,,PHI,
2022_13_SEA_LA,12/4/2022,16:05,SEA,,LA,
2022_13_MIA_SF,12/4/2022,16:05,MIA,,SF,
2022_13_KC_CIN,12/4/2022,16:25,KC,,CIN,
2022_13_LAC_LV,12/4/2022,16:25,LAC,,LV,
2022_13_IND_DAL,12/4/2022,20:20,IND,,DAL,
2022_13_NO_TB,12/5/2022,20:15,NO,,TB,
2022_14_LV_LA,12/8/2022,20:15,LV,,LA,
2022_14_NYJ_BUF,12/11/2022,13:00,NYJ,,BUF,
2022_14_CLE_CIN,12/11/2022,13:00,CLE,,CIN,
2022_14_HOU_DAL,12/11/2022,13:00,HOU,,DAL,
2022_14_MIN_DET,12/11/2022,13:00,MIN,,DET,
2022_14_PHI_NYG,12/11/2022,13:00,PHI,,NYG,
2022_14_BAL_PIT,12/11/2022,13:00,BAL,,PIT,
2022_14_JAX_TEN,12/11/2022,13:00,JAX,,TEN,
2022_14_MIA_LAC,12/11/2022,16:05,MIA,,LAC,
2022_14_CAR_SEA,12/11/2022,16:25,CAR,,SEA,
2022_14_TB_SF,12/11/2022,16:25,TB,,SF,
2022_14_KC_DEN,12/11/2022,20:20,KC,,DEN,
2022_14_NE_ARI,12/12/2022,20:15,NE,,ARI,
2022_15_SF_SEA,12/15/2022,20:15,SF,,SEA,
2022_15_MIA_BUF,12/18/2022,13:00,MIA,,BUF,
2022_15_PIT_CAR,12/18/2022,13:00,PIT,,CAR,
2022_15_PHI_CHI,12/18/2022,13:00,PHI,,CHI,
2022_15_BAL_CLE,12/18/2022,13:00,BAL,,CLE,
2022_15_KC_HOU,12/18/2022,13:00,KC,,HOU,
2022_15_DAL_JAX,12/18/2022,13:00,DAL,,JAX,
2022_15_IND_MIN,12/18/2022,13:00,IND,,MIN,
2022_15_ATL_NO,12/18/2022,13:00,ATL,,NO,
2022_15_DET_NYJ,12/18/2022,13:00,DET,,NYJ,
2022_15_NYG_WAS,12/18/2022,13:00,NYG,,WAS,
2022_15_ARI_DEN,12/18/2022,16:05,ARI,,DEN,
2022_15_TEN_LAC,12/18/2022,16:25,TEN,,LAC,
2022_15_CIN_TB,12/18/2022,16:25,CIN,,TB,
2022_15_NE_LV,12/18/2022,20:20,NE,,LV,
2022_15_LA_GB,12/19/2022,20:15,LA,,GB,
2022_16_JAX_NYJ,12/22/2022,20:15,JAX,,NYJ,
2022_16_ATL_BAL,12/24/2022,13:00,ATL,,BAL,
2022_16_DET_CAR,12/24/2022,13:00,DET,,CAR,
2022_16_BUF_CHI,12/24/2022,13:00,BUF,,CHI,
2022_16_NO_CLE,12/24/2022,13:00,NO,,CLE,
2022_16_SEA_KC,12/24/2022,13:00,SEA,,KC,
2022_16_NYG_MIN,12/24/2022,13:00,NYG,,MIN,
2022_16_CIN_NE,12/24/2022,13:00,CIN,,NE,
2022_16_HOU_TEN,12/24/2022,13:00,HOU,,TEN,
2022_16_WAS_SF,12/24/2022,16:05,WAS,,SF,
2022_16_PHI_DAL,12/24/2022,16:25,PHI,,DAL,
2022_16_LV_PIT,12/24/2022,20:15,LV,,PIT,
2022_16_GB_MIA,12/25/2022,13:00,GB,,MIA,
2022_16_DEN_LA,12/25/2022,16:30,DEN,,LA,
2022_16_TB_ARI,12/25/2022,20:20,TB,,ARI,
2022_16_LAC_IND,12/26/2022,20:15,LAC,,IND,
2022_17_DAL_TEN,12/29/2022,20:15,DAL,,TEN,
2022_17_ARI_ATL,1/1/2023,13:00,ARI,,ATL,
2022_17_PIT_BAL,1/1/2023,13:00,PIT,,BAL,
2022_17_CHI_DET,1/1/2023,13:00,CHI,,DET,
2022_17_JAX_HOU,1/1/2023,13:00,JAX,,HOU,
2022_17_DEN_KC,1/1/2023,13:00,DEN,,KC,
2022_17_MIA_NE,1/1/2023,13:00,MIA,,NE,
2022_17_IND_NYG,1/1/2023,13:00,IND,,NYG,
2022_17_NO_PHI,1/1/2023,13:00,NO,,PHI,
2022_17_CAR_TB,1/1/2023,13:00,CAR,,TB,
2022_17_CLE_WAS,1/1/2023,13:00,CLE,,WAS,
2022_17_SF_LV,1/1/2023,16:05,SF,,LV,
2022_17_NYJ_SEA,1/1/2023,16:05,NYJ,,SEA,
2022_17_MIN_GB,1/1/2023,16:25,MIN,,GB,
2022_17_LA_LAC,1/1/2023,20:20,LA,,LAC,
2022_17_BUF_CIN,1/2/2023,20:30,BUF,,CIN,
2022_18_TB_ATL,1/8/2023,13:00,TB,,ATL,
2022_18_NE_BUF,1/8/2023,13:00,NE,,BUF,
2022_18_MIN_CHI,1/8/2023,13:00,MIN,,CHI,
2022_18_BAL_CIN,1/8/2023,13:00,BAL,,CIN,
2022_18_LAC_DEN,1/8/2023,13:00,LAC,,DEN,
2022_18_DET_GB,1/8/2023,13:00,DET,,GB,
2022_18_HOU_IND,1/8/2023,13:00,HOU,,IND,
2022_18_TEN_JAX,1/8/2023,13:00,TEN,,JAX,
2022_18_KC_LV,1/8/2023,13:00,KC,,LV,
2022_18_NYJ_MIA,1/8/2023,13:00,NYJ,,MIA,
2022_18_CAR_NO,1/8/2023,13:00,CAR,,NO,
2022_18_NYG_PHI,1/8/2023,13:00,NYG,,PHI,
2022_18_CLE_PIT,1/8/2023,13:00,CLE,,PIT,
2022_18_LA_SEA,1/8/2023,13:00,LA,,SEA,
2022_18_ARI_SF,1/8/2023,13:00,ARI,,SF,
2022_18_DAL_WAS,1/8/2023,13:00,DAL,,WAS,